section,date,away,home,status,conviction_pct,away_sp_name,home_sp_name,away_sp_fip,home_sp_fip,away_sp_factor,home_sp_factor,away_bp_factor,home_bp_factor,away_runs_proj,home_runs_proj,away_win_prob,home_win_prob,ml_pick,model_prob,fair_odds_dec,market_odds_dec,market_odds_american,book,edge_pct,kelly_pct,kelly_advice,status_reason,away_score,home_score,ml_winner
projection,2026-05-04,NYM,COL,PASS,53.1,,,,,,,,,5.48,5.11,0.531,0.469,NYM,0.531,1.883,1.01,-10000,fanduel,-45.91,0.0,PASS,Market gated off (ROI -4.55%),,,
projection,2026-05-04,BOS,DET,PASS,51.5,,,,,,,,,4.36,4.19,0.515,0.485,BOS,0.515,1.942,1.1493,-670,fanduel,-35.51,0.0,PASS,Market gated off (ROI -4.55%),,,
projection,2026-05-04,TOR,TB,PASS,53.2,,,,,,,,,4.17,4.55,0.468,0.532,TB,0.532,1.88,1.1923,-520,fanduel,-30.67,0.0,PASS,Market gated off (ROI -4.55%),,,
projection,2026-05-04,PHI,MIA,PASS,52.9,,,,,,,,,3.83,4.18,0.471,0.529,MIA,0.529,1.89,2.42,142,fanduel,11.58,5.0,2u,Market gated off (ROI -4.55%),,,
projection,2026-05-04,BAL,NYY,PASS,63.3,,,,,,,,,3.84,5.46,0.367,0.633,NYY,0.633,1.58,1.0833,-1200,fanduel,-29.01,0.0,PASS,Market gated off (ROI -4.55%),,,
projection,2026-05-04,CIN,CHC,PASS,56.9,,,,,,,,,4.27,5.1,0.431,0.569,CHC,0.569,1.757,1.4651,-215,fanduel,-11.35,0.0,PASS,Market gated off (ROI -4.55%),,,
projection,2026-05-04,CLE,KC,PASS,50.1,,,,,,,,,5.02,5.01,0.501,0.499,CLE,0.501,1.996,1.3571,-280,fanduel,-23.59,0.0,PASS,Market gated off (ROI -4.55%),,,
projection,2026-05-04,MIL,STL,PASS,55.5,,,,,,,,,5.38,4.72,0.555,0.445,MIL,0.555,1.802,1.7576,-132,fanduel,-1.4,0.0,PASS,Market gated off (ROI -4.55%),,,
projection,2026-05-04,LAD,HOU,PASS,59.7,,,,,,,,,5.25,4.08,0.597,0.403,LAD,0.597,1.675,1.5,-200,fanduel,-6.97,0.0,PASS,Market gated off (ROI -4.55%),,,
projection,2026-05-04,CWS,LAA,PASS,55.3,,,,,,,,,4.64,4.01,0.553,0.447,CWS,0.553,1.808,2.34,134,fanduel,12.56,5.0,2u,Market gated off (ROI -4.55%),,,
projection,2026-05-04,ATL,SEA,PASS,51.8,,,,,,,,,4.39,4.17,0.518,0.482,ATL,0.518,1.931,2.16,116,fanduel,5.5,5.0,2u,Market gated off (ROI -4.55%),,,
projection,2026-05-04,SD,SF,PASS,52.2,,,,,,,,,3.77,3.5,0.522,0.478,SD,0.522,1.916,1.7353,-136,fanduel,-5.43,0.0,PASS,Market gated off (ROI -4.55%),,,
backfill,2026-05-03,TOR,MIN,,,,,,,,,,,,,,,,,,,,,,,,,3,4,MIN
backfill,2026-05-03,HOU,BOS,,,,,,,,,,,,,,,,,,,,,,,,,3,1,HOU
backfill,2026-05-03,CIN,PIT,,,,,,,,,,,,,,,,,,,,,,,,,0,1,PIT
backfill,2026-05-03,BAL,NYY,,,,,,,,,,,,,,,,,,,,,,,,,3,11,NYY
backfill,2026-05-03,MIL,WSH,,,,,,,,,,,,,,,,,,,,,,,,,2,3,WSH
backfill,2026-05-03,SF,TB,,,,,,,,,,,,,,,,,,,,,,,,,1,2,TB
backfill,2026-05-03,PHI,MIA,,,,,,,,,,,,,,,,,,,,,,,,,7,2,PHI
backfill,2026-05-03,LAD,STL,,,,,,,,,,,,,,,,,,,,,,,,,4,1,LAD
backfill,2026-05-03,AZ,CHC,,,,,,,,,,,,,,,,,,,,,,,,,4,8,CHC
backfill,2026-05-03,ATL,COL,,,,,,,,,,,,,,,,,,,,,,,,,11,6,ATL
backfill,2026-05-03,CLE,ATH,,,,,,,,,,,,,,,,,,,,,,,,,1,7,ATH
backfill,2026-05-03,NYM,LAA,,,,,,,,,,,,,,,,,,,,,,,,,5,1,NYM
backfill,2026-05-03,KC,SEA,,,,,,,,,,,,,,,,,,,,,,,,,4,1,KC
backfill,2026-05-03,CWS,SD,,,,,,,,,,,,,,,,,,,,,,,,,3,4,SD
backfill,2026-05-03,TEX,DET,,,,,,,,,,,,,,,,,,,,,,,,,1,7,DET
backfill,2026-05-02,BAL,NYY,,,,,,,,,,,,,,,,,,,,,,,,,4,9,NYY
backfill,2026-05-02,TOR,MIN,,,,,,,,,,,,,,,,,,,,,,,,,11,4,TOR
backfill,2026-05-02,AZ,CHC,,,,,,,,,,,,,,,,,,,,,,,,,0,2,CHC
backfill,2026-05-02,CLE,ATH,,,,,,,,,,,,,,,,,,,,,,,,,14,6,CLE
backfill,2026-05-02,CIN,PIT,,,,,,,,,,,,,,,,,,,,,,,,,7,17,PIT
backfill,2026-05-02,MIL,WSH,,,,,,,,,,,,,,,,,,,,,,,,,4,1,MIL
backfill,2026-05-02,HOU,BOS,,,,,,,,,,,,,,,,,,,,,,,,,6,3,HOU
backfill,2026-05-02,PHI,MIA,,,,,,,,,,,,,,,,,,,,,,,,,0,4,MIA
backfill,2026-05-02,SF,TB,,,,,,,,,,,,,,,,,,,,,,,,,1,5,TB
backfill,2026-05-02,LAD,STL,,,,,,,,,,,,,,,,,,,,,,,,,2,3,STL
backfill,2026-05-02,TEX,DET,,,,,,,,,,,,,,,,,,,,,,,,,1,5,DET
backfill,2026-05-02,ATL,COL,,,,,,,,,,,,,,,,,,,,,,,,,9,1,ATL
backfill,2026-05-02,CWS,SD,,,,,,,,,,,,,,,,,,,,,,,,,4,0,CWS
backfill,2026-05-02,NYM,LAA,,,,,,,,,,,,,,,,,,,,,,,,,3,4,LAA
backfill,2026-05-02,KC,SEA,,,,,,,,,,,,,,,,,,,,,,,,,3,2,KC
backfill,2026-05-01,AZ,CHC,,,,,,,,,,,,,,,,,,,,,,,,,5,6,CHC
backfill,2026-05-01,TEX,DET,,,,,,,,,,,,,,,,,,,,,,,,,5,4,TEX
backfill,2026-05-01,CIN,PIT,,,,,,,,,,,,,,,,,,,,,,,,,1,9,PIT
backfill,2026-05-01,MIL,WSH,,,,,,,,,,,,,,,,,,,,,,,,,6,1,MIL
backfill,2026-05-01,BAL,NYY,,,,,,,,,,,,,,,,,,,,,,,,,2,7,NYY
backfill,2026-05-01,HOU,BOS,,,,,,,,,,,,,,,,,,,,,,,,,1,3,BOS
backfill,2026-05-01,SF,TB,,,,,,,,,,,,,,,,,,,,,,,,,0,3,TB
backfill,2026-05-01,PHI,MIA,,,,,,,,,,,,,,,,,,,,,,,,,6,5,PHI
backfill,2026-05-01,TOR,MIN,,,,,,,,,,,,,,,,,,,,,,,,,7,3,TOR
backfill,2026-05-01,LAD,STL,,,,,,,,,,,,,,,,,,,,,,,,,2,7,STL
backfill,2026-05-01,ATL,COL,,,,,,,,,,,,,,,,,,,,,,,,,8,6,ATL
backfill,2026-05-01,NYM,LAA,,,,,,,,,,,,,,,,,,,,,,,,,4,3,NYM
backfill,2026-05-01,CLE,ATH,,,,,,,,,,,,,,,,,,,,,,,,,8,5,CLE
backfill,2026-05-01,CWS,SD,,,,,,,,,,,,,,,,,,,,,,,,,8,2,CWS
backfill,2026-05-01,KC,SEA,,,,,,,,,,,,,,,,,,,,,,,,,7,6,KC
backfill,2026-04-30,DET,ATL,,,,,,,,,,,,,,,,,,,,,,,,,5,2,DET
backfill,2026-04-30,HOU,BAL,,,,,,,,,,,,,,,,,,,,,,,,,3,10,BAL
backfill,2026-04-30,HOU,BAL,,,,,,,,,,,,,,,,,,,,,,,,,11,5,HOU
backfill,2026-04-30,STL,PIT,,,,,,,,,,,,,,,,,,,,,,,,,10,5,STL
backfill,2026-04-30,SF,PHI,,,,,,,,,,,,,,,,,,,,,,,,,2,3,PHI
backfill,2026-04-30,SF,PHI,,,,,,,,,,,,,,,,,,,,,,,,,5,6,PHI
backfill,2026-04-30,COL,CIN,,,,,,,,,,,,,,,,,,,,,,,,,4,6,CIN
backfill,2026-04-30,WSH,NYM,,,,,,,,,,,,,,,,,,,,,,,,,5,4,WSH
backfill,2026-04-30,AZ,MIL,,,,,,,,,,,,,,,,,,,,,,,,,1,13,MIL
backfill,2026-04-30,KC,ATH,,,,,,,,,,,,,,,,,,,,,,,,,3,6,ATH
backfill,2026-04-30,TOR,MIN,,,,,,,,,,,,,,,,,,,,,,,,,1,7,MIN
backfill,2026-04-29,TB,CLE,,,,,,,,,,,,,,,,,,,,,,,,,1,3,CLE
backfill,2026-04-29,LAA,CWS,,,,,,,,,,,,,,,,,,,,,,,,,2,3,CWS
backfill,2026-04-29,SEA,MIN,,,,,,,,,,,,,,,,,,,,,,,,,5,3,SEA
backfill,2026-04-29,NYY,TEX,,,,,,,,,,,,,,,,,,,,,,,,,0,3,TEX
backfill,2026-04-29,BOS,TOR,,,,,,,,,,,,,,,,,,,,,,,,,1,8,TOR
backfill,2026-04-29,MIA,LAD,,,,,,,,,,,,,,,,,,,,,,,,,3,2,MIA
backfill,2026-04-29,CHC,SD,,,,,,,,,,,,,,,,,,,,,,,,,5,4,CHC
backfill,2026-04-29,COL,CIN,,,,,,,,,,,,,,,,,,,,,,,,,13,2,COL
backfill,2026-04-29,STL,PIT,,,,,,,,,,,,,,,,,,,,,,,,,5,4,STL
backfill,2026-04-29,WSH,NYM,,,,,,,,,,,,,,,,,,,,,,,,,14,2,WSH
backfill,2026-04-29,DET,ATL,,,,,,,,,,,,,,,,,,,,,,,,,3,4,ATL
backfill,2026-04-29,AZ,MIL,,,,,,,,,,,,,,,,,,,,,,,,,6,2,AZ
backfill,2026-04-29,KC,ATH,,,,,,,,,,,,,,,,,,,,,,,,,2,5,ATH
backfill,2026-04-28,TB,CLE,,,,,,,,,,,,,,,,,,,,,,,,,1,0,TB
backfill,2026-04-28,HOU,BAL,,,,,,,,,,,,,,,,,,,,,,,,,3,5,BAL
backfill,2026-04-28,COL,CIN,,,,,,,,,,,,,,,,,,,,,,,,,2,7,CIN
backfill,2026-04-28,STL,PIT,,,,,,,,,,,,,,,,,,,,,,,,,11,7,STL
backfill,2026-04-28,SF,PHI,,,,,,,,,,,,,,,,,,,,,,,,,0,7,PHI
backfill,2026-04-28,BOS,TOR,,,,,,,,,,,,,,,,,,,,,,,,,0,3,TOR
backfill,2026-04-28,WSH,NYM,,,,,,,,,,,,,,,,,,,,,,,,,0,8,NYM
backfill,2026-04-28,DET,ATL,,,,,,,,,,,,,,,,,,,,,,,,,2,5,ATL
backfill,2026-04-28,SEA,MIN,,,,,,,,,,,,,,,,,,,,,,,,,7,1,SEA
backfill,2026-04-28,LAA,CWS,,,,,,,,,,,,,,,,,,,,,,,,,2,5,CWS
backfill,2026-04-28,AZ,MIL,,,,,,,,,,,,,,,,,,,,,,,,,2,13,MIL
backfill,2026-04-28,NYY,TEX,,,,,,,,,,,,,,,,,,,,,,,,,3,2,NYY
backfill,2026-04-28,KC,ATH,,,,,,,,,,,,,,,,,,,,,,,,,4,1,KC
backfill,2026-04-28,CHC,SD,,,,,,,,,,,,,,,,,,,,,,,,,8,3,CHC
backfill,2026-04-28,MIA,LAD,,,,,,,,,,,,,,,,,,,,,,,,,2,1,MIA
backfill,2026-04-27,TB,CLE,,,,,,,,,,,,,,,,,,,,,,,,,3,2,TB
backfill,2026-04-27,STL,PIT,,,,,,,,,,,,,,,,,,,,,,,,,4,2,STL
backfill,2026-04-27,BOS,TOR,,,,,,,,,,,,,,,,,,,,,,,,,5,0,BOS
backfill,2026-04-27,SEA,MIN,,,,,,,,,,,,,,,,,,,,,,,,,4,11,MIN
backfill,2026-04-27,LAA,CWS,,,,,,,,,,,,,,,,,,,,,,,,,7,8,CWS
backfill,2026-04-27,NYY,TEX,,,,,,,,,,,,,,,,,,,,,,,,,4,2,NYY
backfill,2026-04-27,CHC,SD,,,,,,,,,,,,,,,,,,,,,,,,,7,9,SD
backfill,2026-04-27,MIA,LAD,,,,,,,,,,,,,,,,,,,,,,,,,4,5,LAD
backfill,2026-04-26,BOS,BAL,,,,,,,,,,,,,,,,,,,,,,,,,5,3,BOS
backfill,2026-04-26,PHI,ATL,,,,,,,,,,,,,,,,,,,,,,,,,2,6,ATL
backfill,2026-04-26,CLE,TOR,,,,,,,,,,,,,,,,,,,,,,,,,2,4,TOR
backfill,2026-04-26,DET,CIN,,,,,,,,,,,,,,,,,,,,,,,,,8,3,DET
backfill,2026-04-26,COL,NYM,,,,,,,,,,,,,,,,,,,,,,,,,3,1,COL
backfill,2026-04-26,COL,NYM,,,,,,,,,,,,,,,,,,,,,,,,,3,0,COL
backfill,2026-04-26,MIN,TB,,,,,,,,,,,,,,,,,,,,,,,,,2,4,TB
backfill,2026-04-26,WSH,CWS,,,,,,,,,,,,,,,,,,,,,,,,,2,1,WSH
backfill,2026-04-26,NYY,HOU,,,,,,,,,,,,,,,,,,,,,,,,,4,7,HOU
backfill,2026-04-26,PIT,MIL,,,,,,,,,,,,,,,,,,,,,,,,,0,5,MIL
backfill,2026-04-26,SEA,STL,,,,,,,,,,,,,,,,,,,,,,,,,3,2,SEA
backfill,2026-04-26,ATH,TEX,,,,,,,,,,,,,,,,,,,,,,,,,2,1,ATH
backfill,2026-04-26,SD,AZ,,,,,,,,,,,,,,,,,,,,,,,,,7,12,AZ
backfill,2026-04-26,MIA,SF,,,,,,,,,,,,,,,,,,,,,,,,,3,6,SF
backfill,2026-04-26,LAA,KC,,,,,,,,,,,,,,,,,,,,,,,,,9,11,KC
backfill,2026-04-26,CHC,LAD,,,,,,,,,,,,,,,,,,,,,,,,,0,6,LAD
backfill,2026-04-25,BOS,BAL,,,,,,,,,,,,,,,,,,,,,,,,,17,1,BOS
backfill,2026-04-25,SEA,STL,,,,,,,,,,,,,,,,,,,,,,,,,11,9,SEA
backfill,2026-04-25,CLE,TOR,,,,,,,,,,,,,,,,,,,,,,,,,3,5,TOR
backfill,2026-04-25,MIA,SF,,,,,,,,,,,,,,,,,,,,,,,,,2,6,SF
backfill,2026-04-25,MIN,TB,,,,,,,,,,,,,,,,,,,,,,,,,1,6,TB
backfill,2026-04-25,WSH,CWS,,,,,,,,,,,,,,,,,,,,,,,,,6,3,WSH
backfill,2026-04-25,SD,AZ,,,,,,,,,,,,,,,,,,,,,,,,,6,4,SD
backfill,2026-04-25,ATH,TEX,,,,,,,,,,,,,,,,,,,,,,,,,3,4,TEX
backfill,2026-04-25,LAA,KC,,,,,,,,,,,,,,,,,,,,,,,,,1,12,KC
backfill,2026-04-25,NYY,HOU,,,,,,,,,,,,,,,,,,,,,,,,,8,3,NYY
backfill,2026-04-25,PIT,MIL,,,,,,,,,,,,,,,,,,,,,,,,,6,3,PIT
backfill,2026-04-25,DET,CIN,,,,,,,,,,,,,,,,,,,,,,,,,2,9,CIN
backfill,2026-04-25,CHC,LAD,,,,,,,,,,,,,,,,,,,,,,,,,4,12,LAD
backfill,2026-04-25,PHI,ATL,,,,,,,,,,,,,,,,,,,,,,,,,8,5,PHI
backfill,2026-04-24,DET,CIN,,,,,,,,,,,,,,,,,,,,,,,,,8,9,CIN
backfill,2026-04-24,BOS,BAL,,,,,,,,,,,,,,,,,,,,,,,,,3,10,BAL
backfill,2026-04-24,CLE,TOR,,,,,,,,,,,,,,,,,,,,,,,,,8,6,CLE
backfill,2026-04-24,COL,NYM,,,,,,,,,,,,,,,,,,,,,,,,,4,3,COL
backfill,2026-04-24,MIN,TB,,,,,,,,,,,,,,,,,,,,,,,,,2,6,TB
backfill,2026-04-24,PHI,ATL,,,,,,,,,,,,,,,,,,,,,,,,,3,5,ATL
backfill,2026-04-24,LAA,KC,,,,,,,,,,,,,,,,,,,,,,,,,3,6,KC
backfill,2026-04-24,WSH,CWS,,,,,,,,,,,,,,,,,,,,,,,,,4,5,CWS
backfill,2026-04-24,PIT,MIL,,,,,,,,,,,,,,,,,,,,,,,,,6,0,PIT
backfill,2026-04-24,ATH,TEX,,,,,,,,,,,,,,,,,,,,,,,,,8,1,ATH
backfill,2026-04-24,NYY,HOU,,,,,,,,,,,,,,,,,,,,,,,,,12,4,NYY
backfill,2026-04-24,SEA,STL,,,,,,,,,,,,,,,,,,,,,,,,,3,2,SEA
backfill,2026-04-24,CHC,LAD,,,,,,,,,,,,,,,,,,,,,,,,,6,4,CHC
backfill,2026-04-24,MIA,SF,,,,,,,,,,,,,,,,,,,,,,,,,9,4,MIA
backfill,2026-04-23,ATL,WSH,,,,,,,,,,,,,,,,,,,,,,,,,7,2,ATL
backfill,2026-04-23,MIL,DET,,,,,,,,,,,,,,,,,,,,,,,,,4,5,DET
backfill,2026-04-23,PHI,CHC,,,,,,,,,,,,,,,,,,,,,,,,,7,8,CHC
backfill,2026-04-23,SD,COL,,,,,,,,,,,,,,,,,,,,,,,,,10,8,SD
backfill,2026-04-23,CWS,AZ,,,,,,,,,,,,,,,,,,,,,,,,,4,1,CWS
backfill,2026-04-23,LAD,SF,,,,,,,,,,,,,,,,,,,,,,,,,3,0,LAD
backfill,2026-04-23,NYY,BOS,,,,,,,,,,,,,,,,,,,,,,,,,4,2,NYY
backfill,2026-04-23,MIN,NYM,,,,,,,,,,,,,,,,,,,,,,,,,8,10,NYM
backfill,2026-04-23,PIT,TEX,,,,,,,,,,,,,,,,,,,,,,,,,1,6,TEX
backfill,2026-04-22,STL,MIA,,,,,,,,,,,,,,,,,,,,,,,,,1,4,MIA
backfill,2026-04-22,HOU,CLE,,,,,,,,,,,,,,,,,,,,,,,,,2,0,HOU
backfill,2026-04-22,CIN,TB,,,,,,,,,,,,,,,,,,,,,,,,,1,6,TB
backfill,2026-04-22,BAL,KC,,,,,,,,,,,,,,,,,,,,,,,,,8,6,BAL
backfill,2026-04-22,TOR,LAA,,,,,,,,,,,,,,,,,,,,,,,,,3,7,LAA
backfill,2026-04-22,ATH,SEA,,,,,,,,,,,,,,,,,,,,,,,,,4,5,SEA
backfill,2026-04-22,MIL,DET,,,,,,,,,,,,,,,,,,,,,,,,,2,5,DET
backfill,2026-04-22,ATL,WSH,,,,,,,,,,,,,,,,,,,,,,,,,8,6,ATL
backfill,2026-04-22,NYY,BOS,,,,,,,,,,,,,,,,,,,,,,,,,4,1,NYY
backfill,2026-04-22,MIN,NYM,,,,,,,,,,,,,,,,,,,,,,,,,2,3,NYM
backfill,2026-04-22,PHI,CHC,,,,,,,,,,,,,,,,,,,,,,,,,2,7,CHC
backfill,2026-04-22,PIT,TEX,,,,,,,,,,,,,,,,,,,,,,,,,8,4,PIT
backfill,2026-04-22,SD,COL,,,,,,,,,,,,,,,,,,,,,,,,,3,8,COL
backfill,2026-04-22,CWS,AZ,,,,,,,,,,,,,,,,,,,,,,,,,7,11,AZ
backfill,2026-04-22,LAD,SF,,,,,,,,,,,,,,,,,,,,,,,,,0,3,SF
backfill,2026-04-21,HOU,CLE,,,,,,,,,,,,,,,,,,,,,,,,,5,8,CLE
backfill,2026-04-21,CIN,TB,,,,,,,,,,,,,,,,,,,,,,,,,12,6,CIN
backfill,2026-04-21,STL,MIA,,,,,,,,,,,,,,,,,,,,,,,,,5,3,STL
backfill,2026-04-21,MIL,DET,,,,,,,,,,,,,,,,,,,,,,,,,12,4,MIL
backfill,2026-04-21,ATL,WSH,,,,,,,,,,,,,,,,,,,,,,,,,4,11,WSH
backfill,2026-04-21,NYY,BOS,,,,,,,,,,,,,,,,,,,,,,,,,4,0,NYY
backfill,2026-04-21,MIN,NYM,,,,,,,,,,,,,,,,,,,,,,,,,5,3,MIN
backfill,2026-04-21,BAL,KC,,,,,,,,,,,,,,,,,,,,,,,,,5,6,KC
backfill,2026-04-21,PHI,CHC,,,,,,,,,,,,,,,,,,,,,,,,,4,7,CHC
backfill,2026-04-21,PIT,TEX,,,,,,,,,,,,,,,,,,,,,,,,,1,5,TEX
backfill,2026-04-21,SD,COL,,,,,,,,,,,,,,,,,,,,,,,,,1,0,SD
backfill,2026-04-21,TOR,LAA,,,,,,,,,,,,,,,,,,,,,,,,,4,2,TOR
backfill,2026-04-21,ATH,SEA,,,,,,,,,,,,,,,,,,,,,,,,,5,2,ATH
backfill,2026-04-21,CWS,AZ,,,,,,,,,,,,,,,,,,,,,,,,,11,5,CWS
backfill,2026-04-21,LAD,SF,,,,,,,,,,,,,,,,,,,,,,,,,1,3,SF
backfill,2026-04-20,DET,BOS,,,,,,,,,,,,,,,,,,,,,,,,,6,8,BOS
backfill,2026-04-20,HOU,CLE,,,,,,,,,,,,,,,,,,,,,,,,,9,2,HOU
backfill,2026-04-20,CIN,TB,,,,,,,,,,,,,,,,,,,,,,,,,6,1,CIN
backfill,2026-04-20,STL,MIA,,,,,,,,,,,,,,,,,,,,,,,,,3,5,MIA
backfill,2026-04-20,ATL,WSH,,,,,,,,,,,,,,,,,,,,,,,,,9,4,ATL
backfill,2026-04-20,BAL,KC,,,,,,,,,,,,,,,,,,,,,,,,,7,5,BAL
backfill,2026-04-20,PHI,CHC,,,,,,,,,,,,,,,,,,,,,,,,,1,5,CHC
backfill,2026-04-20,LAD,COL,,,,,,,,,,,,,,,,,,,,,,,,,12,3,LAD
backfill,2026-04-20,TOR,LAA,,,,,,,,,,,,,,,,,,,,,,,,,5,2,TOR
backfill,2026-04-20,ATH,SEA,,,,,,,,,,,,,,,,,,,,,,,,,6,4,ATH
backfill,2026-04-19,SF,WSH,,,,,,,,,,,,,,,,,,,,,,,,,0,3,WSH
backfill,2026-04-19,TB,PIT,,,,,,,,,,,,,,,,,,,,,,,,,3,6,PIT
backfill,2026-04-19,KC,NYY,,,,,,,,,,,,,,,,,,,,,,,,,0,7,NYY
backfill,2026-04-19,BAL,CLE,,,,,,,,,,,,,,,,,,,,,,,,,4,8,CLE
backfill,2026-04-19,MIL,MIA,,,,,,,,,,,,,,,,,,,,,,,,,3,5,MIA
backfill,2026-04-19,STL,HOU,,,,,,,,,,,,,,,,,,,,,,,,,7,5,STL
backfill,2026-04-19,CIN,MIN,,,,,,,,,,,,,,,,,,,,,,,,,7,4,CIN
backfill,2026-04-19,NYM,CHC,,,,,,,,,,,,,,,,,,,,,,,,,1,2,CHC
backfill,2026-04-19,LAD,COL,,,,,,,,,,,,,,,,,,,,,,,,,6,9,COL
backfill,2026-04-19,CWS,ATH,,,,,,,,,,,,,,,,,,,,,,,,,7,4,CWS
backfill,2026-04-19,SD,LAA,,,,,,,,,,,,,,,,,,,,,,,,,2,1,SD
backfill,2026-04-19,TEX,SEA,,,,,,,,,,,,,,,,,,,,,,,,,2,5,SEA
backfill,2026-04-19,TOR,AZ,,,,,,,,,,,,,,,,,,,,,,,,,10,4,TOR
backfill,2026-04-19,DET,BOS,,,,,,,,,,,,,,,,,,,,,,,,,6,2,DET
backfill,2026-04-19,ATL,PHI,,,,,,,,,,,,,,,,,,,,,,,,,4,2,ATL
backfill,2026-04-18,KC,NYY,,,,,,,,,,,,,,,,,,,,,,,,,4,13,NYY
backfill,2026-04-18,CIN,MIN,,,,,,,,,,,,,,,,,,,,,,,,,5,4,CIN
backfill,2026-04-18,NYM,CHC,,,,,,,,,,,,,,,,,,,,,,,,,2,4,CHC
backfill,2026-04-18,TB,PIT,,,,,,,,,,,,,,,,,,,,,,,,,8,7,TB
backfill,2026-04-18,SF,WSH,,,,,,,,,,,,,,,,,,,,,,,,,7,6,SF
backfill,2026-04-18,CWS,ATH,,,,,,,,,,,,,,,,,,,,,,,,,6,7,ATH
backfill,2026-04-18,DET,BOS,,,,,,,,,,,,,,,,,,,,,,,,,4,1,DET
backfill,2026-04-18,MIL,MIA,,,,,,,,,,,,,,,,,,,,,,,,,5,2,MIL
backfill,2026-04-18,BAL,CLE,,,,,,,,,,,,,,,,,,,,,,,,,2,4,CLE
backfill,2026-04-18,STL,HOU,,,,,,,,,,,,,,,,,,,,,,,,,7,5,STL
backfill,2026-04-18,TEX,SEA,,,,,,,,,,,,,,,,,,,,,,,,,3,7,SEA
backfill,2026-04-18,ATL,PHI,,,,,,,,,,,,,,,,,,,,,,,,,3,1,ATL
backfill,2026-04-18,LAD,COL,,,,,,,,,,,,,,,,,,,,,,,,,3,4,COL
backfill,2026-04-18,TOR,AZ,,,,,,,,,,,,,,,,,,,,,,,,,2,6,AZ
backfill,2026-04-18,SD,LAA,,,,,,,,,,,,,,,,,,,,,,,,,4,1,SD
backfill,2026-04-17,NYM,CHC,,,,,,,,,,,,,,,,,,,,,,,,,4,12,CHC
backfill,2026-04-17,BAL,CLE,,,,,,,,,,,,,,,,,,,,,,,,,6,4,BAL
backfill,2026-04-17,ATL,PHI,,,,,,,,,,,,,,,,,,,,,,,,,9,0,ATL
backfill,2026-04-17,SF,WSH,,,,,,,,,,,,,,,,,,,,,,,,,10,5,SF
backfill,2026-04-17,TB,PIT,,,,,,,,,,,,,,,,,,,,,,,,,1,5,PIT
backfill,2026-04-17,KC,NYY,,,,,,,,,,,,,,,,,,,,,,,,,2,4,NYY
backfill,2026-04-17,MIL,MIA,,,,,,,,,,,,,,,,,,,,,,,,,7,5,MIL
backfill,2026-04-17,DET,BOS,,,,,,,,,,,,,,,,,,,,,,,,,0,1,BOS
backfill,2026-04-17,STL,HOU,,,,,,,,,,,,,,,,,,,,,,,,,9,4,STL
backfill,2026-04-17,CIN,MIN,,,,,,,,,,,,,,,,,,,,,,,,,2,1,CIN
backfill,2026-04-17,LAD,COL,,,,,,,,,,,,,,,,,,,,,,,,,7,1,LAD
backfill,2026-04-17,SD,LAA,,,,,,,,,,,,,,,,,,,,,,,,,0,8,LAA
backfill,2026-04-17,TEX,SEA,,,,,,,,,,,,,,,,,,,,,,,,,5,0,TEX
backfill,2026-04-17,TOR,AZ,,,,,,,,,,,,,,,,,,,,,,,,,3,6,AZ
backfill,2026-04-17,CWS,ATH,,,,,,,,,,,,,,,,,,,,,,,,,9,2,CWS
backfill,2026-04-16,WSH,PIT,,,,,,,,,,,,,,,,,,,,,,,,,8,7,WSH
backfill,2026-04-16,SF,CIN,,,,,,,,,,,,,,,,,,,,,,,,,3,0,SF
backfill,2026-04-16,KC,DET,,,,,,,,,,,,,,,,,,,,,,,,,9,10,DET
backfill,2026-04-16,LAA,NYY,,,,,,,,,,,,,,,,,,,,,,,,,11,4,LAA
backfill,2026-04-16,TOR,MIL,,,,,,,,,,,,,,,,,,,,,,,,,1,2,MIL
backfill,2026-04-16,TB,CWS,,,,,,,,,,,,,,,,,,,,,,,,,5,3,TB
backfill,2026-04-16,TEX,ATH,,,,,,,,,,,,,,,,,,,,,,,,,9,6,TEX
backfill,2026-04-16,BAL,CLE,,,,,,,,,,,,,,,,,,,,,,,,,2,4,CLE
backfill,2026-04-16,COL,HOU,,,,,,,,,,,,,,,,,,,,,,,,,3,2,COL
backfill,2026-04-16,SEA,SD,,,,,,,,,,,,,,,,,,,,,,,,,2,5,SD
backfill,2026-04-15,AZ,BAL,,,,,,,,,,,,,,,,,,,,,,,,,8,5,AZ
backfill,2026-04-15,CLE,STL,,,,,,,,,,,,,,,,,,,,,,,,,3,5,STL
backfill,2026-04-15,BOS,MIN,,,,,,,,,,,,,,,,,,,,,,,,,9,5,BOS
backfill,2026-04-15,KC,DET,,,,,,,,,,,,,,,,,,,,,,,,,1,2,DET
backfill,2026-04-15,WSH,PIT,,,,,,,,,,,,,,,,,,,,,,,,,0,2,PIT
backfill,2026-04-15,SF,CIN,,,,,,,,,,,,,,,,,,,,,,,,,3,8,CIN
backfill,2026-04-15,CHC,PHI,,,,,,,,,,,,,,,,,,,,,,,,,11,2,CHC
backfill,2026-04-15,LAA,NYY,,,,,,,,,,,,,,,,,,,,,,,,,4,5,NYY
backfill,2026-04-15,MIA,ATL,,,,,,,,,,,,,,,,,,,,,,,,,3,6,ATL
backfill,2026-04-15,TB,CWS,,,,,,,,,,,,,,,,,,,,,,,,,8,3,TB
backfill,2026-04-15,TOR,MIL,,,,,,,,,,,,,,,,,,,,,,,,,1,2,MIL
backfill,2026-04-15,COL,HOU,,,,,,,,,,,,,,,,,,,,,,,,,1,3,HOU
backfill,2026-04-15,SEA,SD,,,,,,,,,,,,,,,,,,,,,,,,,6,7,SD
backfill,2026-04-15,TEX,ATH,,,,,,,,,,,,,,,,,,,,,,,,,5,6,ATH
backfill,2026-04-15,NYM,LAD,,,,,,,,,,,,,,,,,,,,,,,,,2,8,LAD
backfill,2026-04-14,AZ,BAL,,,,,,,,,,,,,,,,,,,,,,,,,4,3,AZ
backfill,2026-04-14,KC,DET,,,,,,,,,,,,,,,,,,,,,,,,,1,2,DET
backfill,2026-04-14,WSH,PIT,,,,,,,,,,,,,,,,,,,,,,,,,5,4,WSH
backfill,2026-04-14,SF,CIN,,,,,,,,,,,,,,,,,,,,,,,,,1,2,CIN
backfill,2026-04-14,CHC,PHI,,,,,,,,,,,,,,,,,,,,,,,,,10,4,CHC
backfill,2026-04-14,LAA,NYY,,,,,,,,,,,,,,,,,,,,,,,,,7,1,LAA
backfill,2026-04-14,MIA,ATL,,,,,,,,,,,,,,,,,,,,,,,,,5,6,ATL
backfill,2026-04-14,BOS,MIN,,,,,,,,,,,,,,,,,,,,,,,,,0,6,MIN
backfill,2026-04-14,TB,CWS,,,,,,,,,,,,,,,,,,,,,,,,,8,5,TB
backfill,2026-04-14,TOR,MIL,,,,,,,,,,,,,,,,,,,,,,,,,9,7,TOR
backfill,2026-04-14,CLE,STL,,,,,,,,,,,,,,,,,,,,,,,,,5,6,STL
backfill,2026-04-14,COL,HOU,,,,,,,,,,,,,,,,,,,,,,,,,6,7,HOU
backfill,2026-04-14,SEA,SD,,,,,,,,,,,,,,,,,,,,,,,,,1,4,SD
backfill,2026-04-14,TEX,ATH,,,,,,,,,,,,,,,,,,,,,,,,,1,2,ATH
backfill,2026-04-14,NYM,LAD,,,,,,,,,,,,,,,,,,,,,,,,,1,2,LAD
backfill,2026-04-13,HOU,SEA,,,,,,,,,,,,,,,,,,,,,,,,,2,6,SEA
backfill,2026-04-13,AZ,BAL,,,,,,,,,,,,,,,,,,,,,,,,,7,9,BAL
backfill,2026-04-13,WSH,PIT,,,,,,,,,,,,,,,,,,,,,,,,,5,16,PIT
backfill,2026-04-13,CHC,PHI,,,,,,,,,,,,,,,,,,,,,,,,,7,13,PHI
backfill,2026-04-13,LAA,NYY,,,,,,,,,,,,,,,,,,,,,,,,,10,11,NYY
backfill,2026-04-13,MIA,ATL,,,,,,,,,,,,,,,,,,,,,,,,,10,4,MIA
backfill,2026-04-13,BOS,MIN,,,,,,,,,,,,,,,,,,,,,,,,,6,13,MIN
backfill,2026-04-13,CLE,STL,,,,,,,,,,,,,,,,,,,,,,,,,9,3,CLE
backfill,2026-04-13,TEX,ATH,,,,,,,,,,,,,,,,,,,,,,,,,8,1,TEX
backfill,2026-04-13,NYM,LAD,,,,,,,,,,,,,,,,,,,,,,,,,0,4,LAD
backfill,2026-04-12,SF,BAL,,,,,,,,,,,,,,,,,,,,,,,,,2,6,BAL
backfill,2026-04-12,AZ,PHI,,,,,,,,,,,,,,,,,,,,,,,,,4,3,AZ
backfill,2026-04-12,MIN,TOR,,,,,,,,,,,,,,,,,,,,,,,,,8,2,MIN
backfill,2026-04-12,LAA,CIN,,,,,,,,,,,,,,,,,,,,,,,,,9,6,LAA
backfill,2026-04-12,ATH,NYM,,,,,,,,,,,,,,,,,,,,,,,,,1,0,ATH
backfill,2026-04-12,MIA,DET,,,,,,,,,,,,,,,,,,,,,,,,,2,8,DET
backfill,2026-04-12,NYY,TB,,,,,,,,,,,,,,,,,,,,,,,,,4,5,TB
backfill,2026-04-12,CWS,KC,,,,,,,,,,,,,,,,,,,,,,,,,6,5,CWS
backfill,2026-04-12,WSH,MIL,,,,,,,,,,,,,,,,,,,,,,,,,8,6,WSH
backfill,2026-04-12,BOS,STL,,,,,,,,,,,,,,,,,,,,,,,,,9,3,BOS
backfill,2026-04-12,PIT,CHC,,,,,,,,,,,,,,,,,,,,,,,,,6,7,CHC
backfill,2026-04-12,COL,SD,,,,,,,,,,,,,,,,,,,,,,,,,2,7,SD
backfill,2026-04-12,HOU,SEA,,,,,,,,,,,,,,,,,,,,,,,,,1,6,SEA
backfill,2026-04-12,TEX,LAD,,,,,,,,,,,,,,,,,,,,,,,,,5,2,TEX
backfill,2026-04-12,CLE,ATL,,,,,,,,,,,,,,,,,,,,,,,,,1,13,ATL
backfill,2026-04-11,AZ,PHI,,,,,,,,,,,,,,,,,,,,,,,,,3,4,PHI
backfill,2026-04-11,MIA,DET,,,,,,,,,,,,,,,,,,,,,,,,,1,6,DET
backfill,2026-04-11,PIT,CHC,,,,,,,,,,,,,,,,,,,,,,,,,4,3,PIT
backfill,2026-04-11,MIN,TOR,,,,,,,,,,,,,,,,,,,,,,,,,7,4,MIN
backfill,2026-04-11,LAA,CIN,,,,,,,,,,,,,,,,,,,,,,,,,3,7,CIN
backfill,2026-04-11,ATH,NYM,,,,,,,,,,,,,,,,,,,,,,,,,11,6,ATH
backfill,2026-04-11,CWS,KC,,,,,,,,,,,,,,,,,,,,,,,,,0,2,KC
backfill,2026-04-11,NYY,TB,,,,,,,,,,,,,,,,,,,,,,,,,4,5,TB
backfill,2026-04-11,WSH,MIL,,,,,,,,,,,,,,,,,,,,,,,,,3,1,WSH
backfill,2026-04-11,SF,BAL,,,,,,,,,,,,,,,,,,,,,,,,,2,6,BAL
backfill,2026-04-11,BOS,STL,,,,,,,,,,,,,,,,,,,,,,,,,7,1,BOS
backfill,2026-04-11,CLE,ATL,,,,,,,,,,,,,,,,,,,,,,,,,6,0,CLE
backfill,2026-04-11,COL,SD,,,,,,,,,,,,,,,,,,,,,,,,,5,9,SD
backfill,2026-04-11,TEX,LAD,,,,,,,,,,,,,,,,,,,,,,,,,3,6,LAD
backfill,2026-04-11,HOU,SEA,,,,,,,,,,,,,,,,,,,,,,,,,7,8,SEA
backfill,2026-04-10,PIT,CHC,,,,,,,,,,,,,,,,,,,,,,,,,2,0,PIT
backfill,2026-04-10,AZ,PHI,,,,,,,,,,,,,,,,,,,,,,,,,5,4,AZ
backfill,2026-04-10,MIA,DET,,,,,,,,,,,,,,,,,,,,,,,,,0,2,DET
backfill,2026-04-10,LAA,CIN,,,,,,,,,,,,,,,,,,,,,,,,,10,2,LAA
backfill,2026-04-10,MIN,TOR,,,,,,,,,,,,,,,,,,,,,,,,,4,10,TOR
backfill,2026-04-10,ATH,NYM,,,,,,,,,,,,,,,,,,,,,,,,,4,0,ATH
backfill,2026-04-10,NYY,TB,,,,,,,,,,,,,,,,,,,,,,,,,3,5,TB
backfill,2026-04-10,SF,BAL,,,,,,,,,,,,,,,,,,,,,,,,,6,3,SF
backfill,2026-04-10,CLE,ATL,,,,,,,,,,,,,,,,,,,,,,,,,5,11,ATL
backfill,2026-04-10,CWS,KC,,,,,,,,,,,,,,,,,,,,,,,,,0,2,KC
backfill,2026-04-10,WSH,MIL,,,,,,,,,,,,,,,,,,,,,,,,,7,3,WSH
backfill,2026-04-10,BOS,STL,,,,,,,,,,,,,,,,,,,,,,,,,2,3,STL
backfill,2026-04-10,COL,SD,,,,,,,,,,,,,,,,,,,,,,,,,2,5,SD
backfill,2026-04-10,HOU,SEA,,,,,,,,,,,,,,,,,,,,,,,,,6,9,SEA
backfill,2026-04-10,TEX,LAD,,,,,,,,,,,,,,,,,,,,,,,,,7,8,LAD
backfill,2026-04-09,CIN,MIA,,,,,,,,,,,,,,,,,,,,,,,,,1,8,MIA
backfill,2026-04-09,ATH,NYY,,,,,,,,,,,,,,,,,,,,,,,,,1,0,ATH
backfill,2026-04-09,DET,MIN,,,,,,,,,,,,,,,,,,,,,,,,,1,3,MIN
backfill,2026-04-09,AZ,NYM,,,,,,,,,,,,,,,,,,,,,,,,,7,1,AZ
backfill,2026-04-09,CWS,KC,,,,,,,,,,,,,,,,,,,,,,,,,2,0,CWS
backfill,2026-04-09,COL,SD,,,,,,,,,,,,,,,,,,,,,,,,,3,7,SD
backfill,2026-04-08,SD,PIT,,,,,,,,,,,,,,,,,,,,,,,,,8,2,SD
backfill,2026-04-08,KC,CLE,,,,,,,,,,,,,,,,,,,,,,,,,2,10,CLE
backfill,2026-04-08,MIL,BOS,,,,,,,,,,,,,,,,,,,,,,,,,0,5,BOS
backfill,2026-04-08,BAL,CWS,,,,,,,,,,,,,,,,,,,,,,,,,5,3,BAL
backfill,2026-04-08,SEA,TEX,,,,,,,,,,,,,,,,,,,,,,,,,0,3,TEX
backfill,2026-04-08,LAD,TOR,,,,,,,,,,,,,,,,,,,,,,,,,3,4,TOR
backfill,2026-04-08,HOU,COL,,,,,,,,,,,,,,,,,,,,,,,,,1,9,COL
backfill,2026-04-08,PHI,SF,,,,,,,,,,,,,,,,,,,,,,,,,0,5,SF
backfill,2026-04-08,STL,WSH,,,,,,,,,,,,,,,,,,,,,,,,,6,1,STL
backfill,2026-04-08,ATL,LAA,,,,,,,,,,,,,,,,,,,,,,,,,8,2,ATL
backfill,2026-04-08,AZ,NYM,,,,,,,,,,,,,,,,,,,,,,,,,7,2,AZ
backfill,2026-04-08,CHC,TB,,,,,,,,,,,,,,,,,,,,,,,,,6,2,CHC
backfill,2026-04-08,CIN,MIA,,,,,,,,,,,,,,,,,,,,,,,,,4,7,MIA
backfill,2026-04-08,ATH,NYY,,,,,,,,,,,,,,,,,,,,,,,,,3,2,ATH
backfill,2026-04-08,DET,MIN,,,,,,,,,,,,,,,,,,,,,,,,,6,8,MIN
backfill,2026-04-07,KC,CLE,,,,,,,,,,,,,,,,,,,,,,,,,1,2,CLE
backfill,2026-04-07,BAL,CWS,,,,,,,,,,,,,,,,,,,,,,,,,4,2,BAL
backfill,2026-04-07,AZ,NYM,,,,,,,,,,,,,,,,,,,,,,,,,3,4,NYM
backfill,2026-04-07,SD,PIT,,,,,,,,,,,,,,,,,,,,,,,,,1,7,PIT
backfill,2026-04-07,CHC,TB,,,,,,,,,,,,,,,,,,,,,,,,,9,2,CHC
backfill,2026-04-07,CIN,MIA,,,,,,,,,,,,,,,,,,,,,,,,,6,3,CIN
backfill,2026-04-07,STL,WSH,,,,,,,,,,,,,,,,,,,,,,,,,7,6,STL
backfill,2026-04-07,MIL,BOS,,,,,,,,,,,,,,,,,,,,,,,,,2,3,BOS
backfill,2026-04-07,ATH,NYY,,,,,,,,,,,,,,,,,,,,,,,,,3,5,NYY
backfill,2026-04-07,LAD,TOR,,,,,,,,,,,,,,,,,,,,,,,,,4,1,LAD
backfill,2026-04-07,DET,MIN,,,,,,,,,,,,,,,,,,,,,,,,,2,4,MIN
backfill,2026-04-07,SEA,TEX,,,,,,,,,,,,,,,,,,,,,,,,,2,3,TEX
backfill,2026-04-07,HOU,COL,,,,,,,,,,,,,,,,,,,,,,,,,1,5,COL
backfill,2026-04-07,ATL,LAA,,,,,,,,,,,,,,,,,,,,,,,,,7,2,ATL
backfill,2026-04-07,PHI,SF,,,,,,,,,,,,,,,,,,,,,,,,,0,6,SF
backfill,2026-04-06,CHC,TB,,,,,,,,,,,,,,,,,,,,,,,,,4,6,TB
backfill,2026-04-06,KC,CLE,,,,,,,,,,,,,,,,,,,,,,,,,4,2,KC
backfill,2026-04-06,SD,PIT,,,,,,,,,,,,,,,,,,,,,,,,,5,0,SD
backfill,2026-04-06,CIN,MIA,,,,,,,,,,,,,,,,,,,,,,,,,2,0,CIN
backfill,2026-04-06,STL,WSH,,,,,,,,,,,,,,,,,,,,,,,,,6,9,WSH
backfill,2026-04-06,MIL,BOS,,,,,,,,,,,,,,,,,,,,,,,,,8,6,MIL
backfill,2026-04-06,LAD,TOR,,,,,,,,,,,,,,,,,,,,,,,,,14,2,LAD
backfill,2026-04-06,DET,MIN,,,,,,,,,,,,,,,,,,,,,,,,,3,7,MIN
backfill,2026-04-06,BAL,CWS,,,,,,,,,,,,,,,,,,,,,,,,,2,1,BAL
backfill,2026-04-06,SEA,TEX,,,,,,,,,,,,,,,,,,,,,,,,,1,2,TEX
backfill,2026-04-06,HOU,COL,,,,,,,,,,,,,,,,,,,,,,,,,7,9,COL
backfill,2026-04-06,ATL,LAA,,,,,,,,,,,,,,,,,,,,,,,,,2,6,LAA
backfill,2026-04-06,PHI,SF,,,,,,,,,,,,,,,,,,,,,,,,,6,4,PHI
backfill,2026-04-05,CHC,CLE,,,,,,,,,,,,,,,,,,,,,,,,,1,0,CHC
backfill,2026-04-05,CHC,CLE,,,,,,,,,,,,,,,,,,,,,,,,,5,6,CLE
backfill,2026-04-05,LAD,WSH,,,,,,,,,,,,,,,,,,,,,,,,,8,6,LAD
backfill,2026-04-05,BAL,PIT,,,,,,,,,,,,,,,,,,,,,,,,,2,8,PIT
backfill,2026-04-05,SD,BOS,,,,,,,,,,,,,,,,,,,,,,,,,8,6,SD
backfill,2026-04-05,MIA,NYY,,,,,,,,,,,,,,,,,,,,,,,,,7,6,MIA
backfill,2026-04-05,TB,MIN,,,,,,,,,,,,,,,,,,,,,,,,,4,1,TB
backfill,2026-04-05,TOR,CWS,,,,,,,,,,,,,,,,,,,,,,,,,0,3,CWS
backfill,2026-04-05,MIL,KC,,,,,,,,,,,,,,,,,,,,,,,,,8,5,MIL
backfill,2026-04-05,CIN,TEX,,,,,,,,,,,,,,,,,,,,,,,,,2,1,CIN
backfill,2026-04-05,PHI,COL,,,,,,,,,,,,,,,,,,,,,,,,,1,4,COL
backfill,2026-04-05,HOU,ATH,,,,,,,,,,,,,,,,,,,,,,,,,10,12,ATH
backfill,2026-04-05,NYM,SF,,,,,,,,,,,,,,,,,,,,,,,,,5,2,NYM
backfill,2026-04-05,SEA,LAA,,,,,,,,,,,,,,,,,,,,,,,,,7,8,LAA
backfill,2026-04-05,ATL,AZ,,,,,,,,,,,,,,,,,,,,,,,,,5,6,AZ
backfill,2026-04-05,STL,DET,,,,,,,,,,,,,,,,,,,,,,,,,5,3,STL
backfill,2026-04-04,TOR,CWS,,,,,,,,,,,,,,,,,,,,,,,,,3,6,CWS
backfill,2026-04-04,MIL,KC,,,,,,,,,,,,,,,,,,,,,,,,,5,2,MIL
backfill,2026-04-04,MIL,KC,,,,,,,,,,,,,,,,,,,,,,,,,2,8,KC
backfill,2026-04-04,LAD,WSH,,,,,,,,,,,,,,,,,,,,,,,,,10,5,LAD
backfill,2026-04-04,HOU,ATH,,,,,,,,,,,,,,,,,,,,,,,,,11,0,HOU
backfill,2026-04-04,BAL,PIT,,,,,,,,,,,,,,,,,,,,,,,,,2,3,PIT
backfill,2026-04-04,SD,BOS,,,,,,,,,,,,,,,,,,,,,,,,,3,2,SD
backfill,2026-04-04,CIN,TEX,,,,,,,,,,,,,,,,,,,,,,,,,2,0,CIN
backfill,2026-04-04,MIA,NYY,,,,,,,,,,,,,,,,,,,,,,,,,7,9,NYY
backfill,2026-04-04,TB,MIN,,,,,,,,,,,,,,,,,,,,,,,,,7,1,TB
backfill,2026-04-04,ATL,AZ,,,,,,,,,,,,,,,,,,,,,,,,,1,2,AZ
backfill,2026-04-04,PHI,COL,,,,,,,,,,,,,,,,,,,,,,,,,2,1,PHI
backfill,2026-04-04,NYM,SF,,,,,,,,,,,,,,,,,,,,,,,,,9,0,NYM
backfill,2026-04-04,SEA,LAA,,,,,,,,,,,,,,,,,,,,,,,,,0,1,LAA
backfill,2026-04-03,LAD,WSH,,,,,,,,,,,,,,,,,,,,,,,,,13,6,LAD
backfill,2026-04-03,STL,DET,,,,,,,,,,,,,,,,,,,,,,,,,0,4,DET
backfill,2026-04-03,MIA,NYY,,,,,,,,,,,,,,,,,,,,,,,,,2,8,NYY
backfill,2026-04-03,SD,BOS,,,,,,,,,,,,,,,,,,,,,,,,,2,5,BOS
backfill,2026-04-03,TOR,CWS,,,,,,,,,,,,,,,,,,,,,,,,,4,5,CWS
backfill,2026-04-03,CIN,TEX,,,,,,,,,,,,,,,,,,,,,,,,,5,3,CIN
backfill,2026-04-03,CHC,CLE,,,,,,,,,,,,,,,,,,,,,,,,,1,4,CLE
backfill,2026-04-03,TB,MIN,,,,,,,,,,,,,,,,,,,,,,,,,4,10,MIN
backfill,2026-04-03,PHI,COL,,,,,,,,,,,,,,,,,,,,,,,,,10,1,PHI
backfill,2026-04-03,BAL,PIT,,,,,,,,,,,,,,,,,,,,,,,,,4,5,PIT
backfill,2026-04-03,SEA,LAA,,,,,,,,,,,,,,,,,,,,,,,,,3,1,SEA
backfill,2026-04-03,HOU,ATH,,,,,,,,,,,,,,,,,,,,,,,,,4,11,ATH
backfill,2026-04-03,ATL,AZ,,,,,,,,,,,,,,,,,,,,,,,,,2,0,ATL
backfill,2026-04-03,NYM,SF,,,,,,,,,,,,,,,,,,,,,,,,,10,3,NYM
backfill,2026-04-02,MIN,KC,,,,,,,,,,,,,,,,,,,,,,,,,5,1,MIN
backfill,2026-04-02,ATL,AZ,,,,,,,,,,,,,,,,,,,,,,,,,17,2,ATL
backfill,2026-04-02,NYM,SF,,,,,,,,,,,,,,,,,,,,,,,,,2,7,SF
backfill,2026-04-01,ATH,ATL,,,,,,,,,,,,,,,,,,,,,,,,,1,5,ATL
backfill,2026-04-01,TEX,BAL,,,,,,,,,,,,,,,,,,,,,,,,,3,8,BAL
backfill,2026-04-01,PIT,CIN,,,,,,,,,,,,,,,,,,,,,,,,,8,3,PIT
backfill,2026-04-01,WSH,PHI,,,,,,,,,,,,,,,,,,,,,,,,,5,6,PHI
backfill,2026-04-01,COL,TOR,,,,,,,,,,,,,,,,,,,,,,,,,2,1,COL
backfill,2026-04-01,CWS,MIA,,,,,,,,,,,,,,,,,,,,,,,,,0,10,MIA
backfill,2026-04-01,NYM,STL,,,,,,,,,,,,,,,,,,,,,,,,,1,2,STL
backfill,2026-04-01,TB,MIL,,,,,,,,,,,,,,,,,,,,,,,,,2,8,MIL
backfill,2026-04-01,BOS,HOU,,,,,,,,,,,,,,,,,,,,,,,,,4,6,HOU
backfill,2026-04-01,LAA,CHC,,,,,,,,,,,,,,,,,,,,,,,,,2,6,CHC
backfill,2026-04-01,DET,AZ,,,,,,,,,,,,,,,,,,,,,,,,,0,1,AZ
backfill,2026-04-01,SF,SD,,,,,,,,,,,,,,,,,,,,,,,,,1,7,SD
backfill,2026-04-01,NYY,SEA,,,,,,,,,,,,,,,,,,,,,,,,,5,3,NYY
backfill,2026-04-01,MIN,KC,,,,,,,,,,,,,,,,,,,,,,,,,9,13,KC
backfill,2026-04-01,CLE,LAD,,,,,,,,,,,,,,,,,,,,,,,,,4,1,CLE
backfill,2026-03-31,TEX,BAL,,,,,,,,,,,,,,,,,,,,,,,,,8,5,TEX
backfill,2026-03-31,PIT,CIN,,,,,,,,,,,,,,,,,,,,,,,,,8,3,PIT
backfill,2026-03-31,WSH,PHI,,,,,,,,,,,,,,,,,,,,,,,,,2,3,PHI
backfill,2026-03-31,CWS,MIA,,,,,,,,,,,,,,,,,,,,,,,,,2,9,MIA
backfill,2026-03-31,COL,TOR,,,,,,,,,,,,,,,,,,,,,,,,,1,5,TOR
backfill,2026-03-31,ATH,ATL,,,,,,,,,,,,,,,,,,,,,,,,,5,2,ATH
backfill,2026-03-31,LAA,CHC,,,,,,,,,,,,,,,,,,,,,,,,,2,0,LAA
backfill,2026-03-31,TB,MIL,,,,,,,,,,,,,,,,,,,,,,,,,2,6,MIL
backfill,2026-03-31,NYM,STL,,,,,,,,,,,,,,,,,,,,,,,,,0,3,STL
backfill,2026-03-31,BOS,HOU,,,,,,,,,,,,,,,,,,,,,,,,,2,9,HOU
backfill,2026-03-31,DET,AZ,,,,,,,,,,,,,,,,,,,,,,,,,5,7,AZ
backfill,2026-03-31,SF,SD,,,,,,,,,,,,,,,,,,,,,,,,,9,3,SF
backfill,2026-03-31,NYY,SEA,,,,,,,,,,,,,,,,,,,,,,,,,5,0,NYY
backfill,2026-03-31,CLE,LAD,,,,,,,,,,,,,,,,,,,,,,,,,1,4,LAD
backfill,2026-03-30,MIN,KC,,,,,,,,,,,,,,,,,,,,,,,,,1,3,KC
backfill,2026-03-30,TEX,BAL,,,,,,,,,,,,,,,,,,,,,,,,,5,2,TEX
backfill,2026-03-30,PIT,CIN,,,,,,,,,,,,,,,,,,,,,,,,,0,2,CIN
backfill,2026-03-30,WSH,PHI,,,,,,,,,,,,,,,,,,,,,,,,,13,2,WSH
backfill,2026-03-30,CWS,MIA,,,,,,,,,,,,,,,,,,,,,,,,,9,4,CWS
backfill,2026-03-30,COL,TOR,,,,,,,,,,,,,,,,,,,,,,,,,14,5,COL
backfill,2026-03-30,ATH,ATL,,,,,,,,,,,,,,,,,,,,,,,,,0,4,ATL
backfill,2026-03-30,LAA,CHC,,,,,,,,,,,,,,,,,,,,,,,,,2,7,CHC
backfill,2026-03-30,TB,MIL,,,,,,,,,,,,,,,,,,,,,,,,,3,2,TB
backfill,2026-03-30,NYM,STL,,,,,,,,,,,,,,,,,,,,,,,,,4,2,NYM
backfill,2026-03-30,BOS,HOU,,,,,,,,,,,,,,,,,,,,,,,,,1,8,HOU
backfill,2026-03-30,SF,SD,,,,,,,,,,,,,,,,,,,,,,,,,3,2,SF
backfill,2026-03-30,NYY,SEA,,,,,,,,,,,,,,,,,,,,,,,,,1,2,SEA
backfill,2026-03-30,DET,AZ,,,,,,,,,,,,,,,,,,,,,,,,,6,9,AZ
backfill,2026-03-30,CLE,LAD,,,,,,,,,,,,,,,,,,,,,,,,,4,2,CLE
backfill,2026-03-29,MIN,BAL,,,,,,,,,,,,,,,,,,,,,,,,,6,8,BAL
backfill,2026-03-29,TEX,PHI,,,,,,,,,,,,,,,,,,,,,,,,,8,3,TEX
backfill,2026-03-29,KC,ATL,,,,,,,,,,,,,,,,,,,,,,,,,4,1,KC
backfill,2026-03-29,ATH,TOR,,,,,,,,,,,,,,,,,,,,,,,,,2,5,TOR
backfill,2026-03-29,BOS,CIN,,,,,,,,,,,,,,,,,,,,,,,,,2,3,CIN
backfill,2026-03-29,PIT,NYM,,,,,,,,,,,,,,,,,,,,,,,,,4,3,PIT
backfill,2026-03-29,COL,MIA,,,,,,,,,,,,,,,,,,,,,,,,,3,4,MIA
backfill,2026-03-29,LAA,HOU,,,,,,,,,,,,,,,,,,,,,,,,,7,9,HOU
backfill,2026-03-29,CWS,MIL,,,,,,,,,,,,,,,,,,,,,,,,,7,9,MIL
backfill,2026-03-29,TB,STL,,,,,,,,,,,,,,,,,,,,,,,,,11,7,TB
backfill,2026-03-29,WSH,CHC,,,,,,,,,,,,,,,,,,,,,,,,,6,3,WSH
backfill,2026-03-29,CLE,SEA,,,,,,,,,,,,,,,,,,,,,,,,,0,8,SEA
backfill,2026-03-28,TB,STL,,,,,,,,,,,,,,,,,,,,,,,,,5,6,STL
backfill,2026-03-28,WSH,CHC,,,,,,,,,,,,,,,,,,,,,,,,,2,10,CHC
backfill,2026-03-28,ATH,TOR,,,,,,,,,,,,,,,,,,,,,,,,,7,8,TOR
backfill,2026-03-28,MIN,BAL,,,,,,,,,,,,,,,,,,,,,,,,,4,1,MIN
backfill,2026-03-28,TEX,PHI,,,,,,,,,,,,,,,,,,,,,,,,,5,4,TEX
backfill,2026-03-28,BOS,CIN,,,,,,,,,,,,,,,,,,,,,,,,,5,6,CIN
backfill,2026-03-28,PIT,NYM,,,,,,,,,,,,,,,,,,,,,,,,,2,4,NYM
backfill,2026-03-28,COL,MIA,,,,,,,,,,,,,,,,,,,,,,,,,3,4,MIA
backfill,2026-03-28,LAA,HOU,,,,,,,,,,,,,,,,,,,,,,,,,9,11,HOU
backfill,2026-03-28,CWS,MIL,,,,,,,,,,,,,,,,,,,,,,,,,1,6,MIL
backfill,2026-03-28,KC,ATL,,,,,,,,,,,,,,,,,,,,,,,,,2,6,ATL
backfill,2026-03-28,NYY,SF,,,,,,,,,,,,,,,,,,,,,,,,,3,1,NYY
backfill,2026-03-28,DET,SD,,,,,,,,,,,,,,,,,,,,,,,,,0,3,SD
backfill,2026-03-28,AZ,LAD,,,,,,,,,,,,,,,,,,,,,,,,,2,3,LAD
backfill,2026-03-28,CLE,SEA,,,,,,,,,,,,,,,,,,,,,,,,,6,5,CLE
backfill,2026-03-27,NYY,SF,,,,,,,,,,,,,,,,,,,,,,,,,3,0,NYY
backfill,2026-03-27,ATH,TOR,,,,,,,,,,,,,,,,,,,,,,,,,2,3,TOR
backfill,2026-03-27,COL,MIA,,,,,,,,,,,,,,,,,,,,,,,,,1,2,MIA
backfill,2026-03-27,KC,ATL,,,,,,,,,,,,,,,,,,,,,,,,,0,6,ATL
backfill,2026-03-27,LAA,HOU,,,,,,,,,,,,,,,,,,,,,,,,,6,2,LAA
backfill,2026-03-27,DET,SD,,,,,,,,,,,,,,,,,,,,,,,,,5,2,DET
backfill,2026-03-27,CLE,SEA,,,,,,,,,,,,,,,,,,,,,,,,,1,5,SEA
backfill,2026-03-27,AZ,LAD,,,,,,,,,,,,,,,,,,,,,,,,,4,5,LAD
backfill,2026-03-26,PIT,NYM,,,,,,,,,,,,,,,,,,,,,,,,,7,11,NYM
backfill,2026-03-26,CWS,MIL,,,,,,,,,,,,,,,,,,,,,,,,,2,14,MIL
backfill,2026-03-26,WSH,CHC,,,,,,,,,,,,,,,,,,,,,,,,,10,4,WSH
backfill,2026-03-26,MIN,BAL,,,,,,,,,,,,,,,,,,,,,,,,,1,2,BAL
backfill,2026-03-26,BOS,CIN,,,,,,,,,,,,,,,,,,,,,,,,,3,0,BOS
backfill,2026-03-26,LAA,HOU,,,,,,,,,,,,,,,,,,,,,,,,,3,0,LAA
backfill,2026-03-26,DET,SD,,,,,,,,,,,,,,,,,,,,,,,,,8,2,DET
backfill,2026-03-26,TB,STL,,,,,,,,,,,,,,,,,,,,,,,,,7,9,STL
backfill,2026-03-26,TEX,PHI,,,,,,,,,,,,,,,,,,,,,,,,,3,5,PHI
backfill,2026-03-26,AZ,LAD,,,,,,,,,,,,,,,,,,,,,,,,,2,8,LAD
backfill,2026-03-26,CLE,SEA,,,,,,,,,,,,,,,,,,,,,,,,,6,4,CLE
backfill,2026-03-25,NYY,SF,,,,,,,,,,,,,,,,,,,,,,,,,7,0,NYY
backfill,2026-03-24,TB,ATL,,,,,,,,,,,,,,,,,,,,,,,,,2,3,ATL
backfill,2026-03-24,BOS,MIN,,,,,,,,,,,,,,,,,,,,,,,,,6,15,MIN
backfill,2026-03-24,KC,TEX,,,,,,,,,,,,,,,,,,,,,,,,,1,4,TEX
backfill,2026-03-24,NYY,CHC,,,,,,,,,,,,,,,,,,,,,,,,,8,3,NYY
backfill,2026-03-24,DET,COL,,,,,,,,,,,,,,,,,,,,,,,,,11,8,DET
backfill,2026-03-24,CLE,AZ,,,,,,,,,,,,,,,,,,,,,,,,,10,5,CLE
backfill,2026-03-24,CIN,MIL,,,,,,,,,,,,,,,,,,,,,,,,,1,4,MIL
backfill,2026-03-24,LAA,LAD,,,,,,,,,,,,,,,,,,,,,,,,,3,0,LAA
backfill,2026-03-24,5434,HOU,,,,,,,,,,,,,,,,,,,,,,,,,5,6,HOU
backfill,2026-03-24,562,SF,,,,,,,,,,,,,,,,,,,,,,,,,2,8,SF
backfill,2026-03-23,TB,PHI,,,,,,,,,,,,,,,,,,,,,,,,,7,0,TB
backfill,2026-03-23,BAL,WSH,,,,,,,,,,,,,,,,,,,,,,,,,2,0,BAL
backfill,2026-03-23,MIN,BOS,,,,,,,,,,,,,,,,,,,,,,,,,9,6,MIN
backfill,2026-03-23,ATL,PIT,,,,,,,,,,,,,,,,,,,,,,,,,5,2,ATL
backfill,2026-03-23,CWS,ATH,,,,,,,,,,,,,,,,,,,,,,,,,9,10,ATH
backfill,2026-03-23,NYY,CHC,,,,,,,,,,,,,,,,,,,,,,,,,6,15,CHC
backfill,2026-03-23,SEA,SD,,,,,,,,,,,,,,,,,,,,,,,,,3,10,SD
backfill,2026-03-23,STL,440,,,,,,,,,,,,,,,,,,,,,,,,,3,2,STL
backfill,2026-03-23,CIN,MIL,,,,,,,,,,,,,,,,,,,,,,,,,1,9,MIL
backfill,2026-03-23,KC,TEX,,,,,,,,,,,,,,,,,,,,,,,,,2,3,TEX
backfill,2026-03-23,DET,COL,,,,,,,,,,,,,,,,,,,,,,,,,5,6,COL
backfill,2026-03-23,LAA,LAD,,,,,,,,,,,,,,,,,,,,,,,,,7,7,LAD
backfill,2026-03-23,CLE,AZ,,,,,,,,,,,,,,,,,,,,,,,,,7,0,CLE
backfill,2026-03-23,562,SF,,,,,,,,,,,,,,,,,,,,,,,,,2,10,SF
backfill,2026-03-22,STL,HOU,,,,,,,,,,,,,,,,,,,,,,,,,3,2,STL
backfill,2026-03-22,BOS,PIT,,,,,,,,,,,,,,,,,,,,,,,,,6,3,BOS
backfill,2026-03-22,ATL,MIN,,,,,,,,,,,,,,,,,,,,,,,,,3,7,MIN
backfill,2026-03-22,PHI,NYY,,,,,,,,,,,,,,,,,,,,,,,,,2,6,NYY
backfill,2026-03-22,TB,TOR,,,,,,,,,,,,,,,,,,,,,,,,,1,14,TOR
backfill,2026-03-22,NYM,MIA,,,,,,,,,,,,,,,,,,,,,,,,,3,4,MIA
backfill,2026-03-22,WSH,BAL,,,,,,,,,,,,,,,,,,,,,,,,,1,8,BAL
backfill,2026-03-22,CIN,CLE,,,,,,,,,,,,,,,,,,,,,,,,,2,8,CLE
backfill,2026-03-22,MIL,CHC,,,,,,,,,,,,,,,,,,,,,,,,,0,12,CHC
backfill,2026-03-22,ATH,COL,,,,,,,,,,,,,,,,,,,,,,,,,5,6,COL
backfill,2026-03-22,SF,105,,,,,,,,,,,,,,,,,,,,,,,,,1,2,105
backfill,2026-03-22,SEA,CWS,,,,,,,,,,,,,,,,,,,,,,,,,4,2,SEA
backfill,2026-03-22,LAD,LAA,,,,,,,,,,,,,,,,,,,,,,,,,13,5,LAD
backfill,2026-03-22,AZ,SD,,,,,,,,,,,,,,,,,,,,,,,,,11,1,AZ
backfill,2026-03-21,NYM,WSH,,,,,,,,,,,,,,,,,,,,,,,,,1,3,WSH
backfill,2026-03-21,TOR,PIT,,,,,,,,,,,,,,,,,,,,,,,,,3,8,PIT
backfill,2026-03-21,MIN,TB,,,,,,,,,,,,,,,,,,,,,,,,,2,3,TB
backfill,2026-03-21,PHI,BAL,,,,,,,,,,,,,,,,,,,,,,,,,8,10,BAL
backfill,2026-03-21,ATL,BOS,,,,,,,,,,,,,,,,,,,,,,,,,6,1,ATL
backfill,2026-03-21,MIA,STL,,,,,,,,,,,,,,,,,,,,,,,,,4,7,STL
backfill,2026-03-21,NYY,DET,,,,,,,,,,,,,,,,,,,,,,,,,1,3,DET
backfill,2026-03-21,HOU,NYM,,,,,,,,,,,,,,,,,,,,,,,,,7,5,HOU
backfill,2026-03-21,ATH,LAD,,,,,,,,,,,,,,,,,,,,,,,,,5,5,LAD
backfill,2026-03-21,COL,KC,,,,,,,,,,,,,,,,,,,,,,,,,5,6,KC
backfill,2026-03-21,CLE,SF,,,,,,,,,,,,,,,,,,,,,,,,,7,10,SF
backfill,2026-03-21,TEX,AZ,,,,,,,,,,,,,,,,,,,,,,,,,2,5,AZ
backfill,2026-03-21,SD,MIL,,,,,,,,,,,,,,,,,,,,,,,,,1,6,MIL
backfill,2026-03-21,CWS,CIN,,,,,,,,,,,,,,,,,,,,,,,,,7,11,CIN
backfill,2026-03-21,CHC,SEA,,,,,,,,,,,,,,,,,,,,,,,,,7,1,CHC
backfill,2026-03-20,BOS,TB,,,,,,,,,,,,,,,,,,,,,,,,,0,2,TB
backfill,2026-03-20,TOR,MIN,,,,,,,,,,,,,,,,,,,,,,,,,2,1,TOR
backfill,2026-03-20,DET,PHI,,,,,,,,,,,,,,,,,,,,,,,,,4,4,PHI
backfill,2026-03-20,STL,NYM,,,,,,,,,,,,,,,,,,,,,,,,,4,3,STL
backfill,2026-03-20,CWS,LAA,,,,,,,,,,,,,,,,,,,,,,,,,3,4,LAA
backfill,2026-03-20,PIT,ATL,,,,,,,,,,,,,,,,,,,,,,,,,1,8,ATL
backfill,2026-03-20,MIA,HOU,,,,,,,,,,,,,,,,,,,,,,,,,7,4,MIA
backfill,2026-03-20,BAL,NYY,,,,,,,,,,,,,,,,,,,,,,,,,1,3,NYY
backfill,2026-03-20,WSH,MIA,,,,,,,,,,,,,,,,,,,,,,,,,2,3,MIA
backfill,2026-03-20,KC,SF,,,,,,,,,,,,,,,,,,,,,,,,,2,5,SF
backfill,2026-03-20,CIN,CHC,,,,,,,,,,,,,,,,,,,,,,,,,8,6,CIN
backfill,2026-03-20,SD,LAD,,,,,,,,,,,,,,,,,,,,,,,,,3,4,LAD
backfill,2026-03-20,SEA,CLE,,,,,,,,,,,,,,,,,,,,,,,,,20,8,SEA
backfill,2026-03-20,SF,TEX,,,,,,,,,,,,,,,,,,,,,,,,,5,6,TEX
backfill,2026-03-20,CHC,ATH,,,,,,,,,,,,,,,,,,,,,,,,,2,6,ATH
backfill,2026-03-20,COL,SD,,,,,,,,,,,,,,,,,,,,,,,,,9,3,COL
backfill,2026-03-20,MIL,AZ,,,,,,,,,,,,,,,,,,,,,,,,,7,8,AZ
