section,date,away,home,status,conviction_pct,away_sp_name,home_sp_name,f1_total_proj,nrfi_prob,yrfi_prob,nrfi_pick,model_prob,fair_odds_dec,kelly_pct,kelly_advice,status_reason,f1_away,f1_home,f1_total,nrfi_yrfi
projection,2026-05-07,TEX,NYY,PASS,54.4,,,1.17,0.448,0.552,YRFI,0.5442,1.812,2.96,1u,Market gated off (ROI -2.16%),,,,
projection,2026-05-07,MIN,WSH,PASS,52.7,,,1.01,0.532,0.468,NRFI,0.5272,1.88,0.86,0.5u,Market gated off (ROI -2.16%),,,,
projection,2026-05-07,CLE,KC,PASS,54.0,,,1.02,0.547,0.453,NRFI,0.54,1.828,2.43,1u,Market gated off (ROI -2.16%),,,,
projection,2026-05-07,CIN,CHC,PASS,50.3,,,1.19,0.504,0.496,NRFI,0.5034,1.984,0.0,PASS,Market gated off (ROI -2.16%),,,,
projection,2026-05-07,NYM,COL,PASS,50.4,,,1.15,0.495,0.505,YRFI,0.5042,1.98,0.0,PASS,Market gated off (ROI -2.16%),,,,
projection,2026-05-07,PIT,AZ,PASS,50.8,,,1.12,0.509,0.491,NRFI,0.5077,1.965,0.0,PASS,Market gated off (ROI -2.16%),,,,
projection,2026-05-07,ATH,PHI,PASS,50.3,,,1.19,0.503,0.497,NRFI,0.5026,1.988,0.0,PASS,Market gated off (ROI -2.16%),,,,
projection,2026-05-07,BAL,MIA,PASS,50.4,,,1.27,0.495,0.505,YRFI,0.5042,1.98,0.0,PASS,Market gated off (ROI -2.16%),,,,
projection,2026-05-07,TB,BOS,PASS,56.5,,,0.95,0.576,0.424,NRFI,0.5646,1.736,5.0,2u,Market gated off (ROI -2.16%),,,,
projection,2026-05-07,STL,SD,PASS,55.3,,,1.01,0.562,0.438,NRFI,0.5527,1.779,4.01,2u,Market gated off (ROI -2.16%),,,,
backfill,2026-05-06,TOR,TB,,,,,,,,,,,,,,0,0,0,NRFI
backfill,2026-05-06,MIL,STL,,,,,,,,,,,,,,4,0,4,YRFI
backfill,2026-05-06,LAD,HOU,,,,,,,,,,,,,,0,1,1,YRFI
backfill,2026-05-06,SD,SF,,,,,,,,,,,,,,0,0,0,NRFI
backfill,2026-05-06,CWS,LAA,,,,,,,,,,,,,,0,0,0,NRFI
backfill,2026-05-06,ATL,SEA,,,,,,,,,,,,,,0,0,0,NRFI
backfill,2026-05-06,BOS,DET,,,,,,,,,,,,,,0,0,0,NRFI
backfill,2026-05-06,ATH,PHI,,,,,,,,,,,,,,0,0,0,NRFI
backfill,2026-05-06,BAL,MIA,,,,,,,,,,,,,,3,3,6,YRFI
backfill,2026-05-06,MIN,WSH,,,,,,,,,,,,,,0,0,0,NRFI
backfill,2026-05-06,TEX,NYY,,,,,,,,,,,,,,1,0,1,YRFI
backfill,2026-05-06,CIN,CHC,,,,,,,,,,,,,,1,2,3,YRFI
backfill,2026-05-06,CLE,KC,,,,,,,,,,,,,,0,0,0,NRFI
backfill,2026-05-06,NYM,COL,,,,,,,,,,,,,,1,0,1,YRFI
backfill,2026-05-06,PIT,AZ,,,,,,,,,,,,,,1,0,1,YRFI
backfill,2026-05-05,BOS,DET,,,,,,,,,,,,,,3,2,5,YRFI
backfill,2026-05-05,TOR,TB,,,,,,,,,,,,,,1,0,1,YRFI
backfill,2026-05-05,ATH,PHI,,,,,,,,,,,,,,0,0,0,NRFI
backfill,2026-05-05,BAL,MIA,,,,,,,,,,,,,,3,1,4,YRFI
backfill,2026-05-05,MIN,WSH,,,,,,,,,,,,,,0,1,1,YRFI
backfill,2026-05-05,TEX,NYY,,,,,,,,,,,,,,3,1,4,YRFI
backfill,2026-05-05,CIN,CHC,,,,,,,,,,,,,,1,0,1,YRFI
backfill,2026-05-05,CLE,KC,,,,,,,,,,,,,,0,2,2,YRFI
backfill,2026-05-05,LAD,HOU,,,,,,,,,,,,,,0,0,0,NRFI
backfill,2026-05-05,CWS,LAA,,,,,,,,,,,,,,2,2,4,YRFI
backfill,2026-05-05,PIT,AZ,,,,,,,,,,,,,,0,2,2,YRFI
backfill,2026-05-05,ATL,SEA,,,,,,,,,,,,,,0,0,0,NRFI
backfill,2026-05-05,SD,SF,,,,,,,,,,,,,,0,2,2,YRFI
backfill,2026-05-04,NYM,COL,,,,,,,,,,,,,,0,0,0,NRFI
backfill,2026-05-04,BOS,DET,,,,,,,,,,,,,,0,0,0,NRFI
backfill,2026-05-04,TOR,TB,,,,,,,,,,,,,,0,3,3,YRFI
backfill,2026-05-04,PHI,MIA,,,,,,,,,,,,,,0,0,0,NRFI
backfill,2026-05-04,BAL,NYY,,,,,,,,,,,,,,0,2,2,YRFI
backfill,2026-05-04,CIN,CHC,,,,,,,,,,,,,,0,0,0,NRFI
backfill,2026-05-04,CLE,KC,,,,,,,,,,,,,,0,0,0,NRFI
backfill,2026-05-04,MIL,STL,,,,,,,,,,,,,,0,0,0,NRFI
backfill,2026-05-04,LAD,HOU,,,,,,,,,,,,,,1,2,3,YRFI
backfill,2026-05-04,CWS,LAA,,,,,,,,,,,,,,2,0,2,YRFI
backfill,2026-05-04,ATL,SEA,,,,,,,,,,,,,,1,0,1,YRFI
backfill,2026-05-04,SD,SF,,,,,,,,,,,,,,1,2,3,YRFI
backfill,2026-05-03,TOR,MIN,,,,,,,,,,,,,,0,1,1,YRFI
backfill,2026-05-03,HOU,BOS,,,,,,,,,,,,,,0,0,0,NRFI
backfill,2026-05-03,CIN,PIT,,,,,,,,,,,,,,0,0,0,NRFI
backfill,2026-05-03,BAL,NYY,,,,,,,,,,,,,,0,1,1,YRFI
backfill,2026-05-03,MIL,WSH,,,,,,,,,,,,,,0,0,0,NRFI
backfill,2026-05-03,SF,TB,,,,,,,,,,,,,,1,0,1,YRFI
backfill,2026-05-03,PHI,MIA,,,,,,,,,,,,,,6,0,6,YRFI
backfill,2026-05-03,LAD,STL,,,,,,,,,,,,,,0,0,0,NRFI
backfill,2026-05-03,AZ,CHC,,,,,,,,,,,,,,0,0,0,NRFI
backfill,2026-05-03,ATL,COL,,,,,,,,,,,,,,0,1,1,YRFI
backfill,2026-05-03,CLE,ATH,,,,,,,,,,,,,,0,0,0,NRFI
backfill,2026-05-03,NYM,LAA,,,,,,,,,,,,,,0,1,1,YRFI
backfill,2026-05-03,KC,SEA,,,,,,,,,,,,,,0,0,0,NRFI
backfill,2026-05-03,CWS,SD,,,,,,,,,,,,,,0,0,0,NRFI
backfill,2026-05-03,TEX,DET,,,,,,,,,,,,,,0,0,0,NRFI
backfill,2026-05-02,BAL,NYY,,,,,,,,,,,,,,0,0,0,NRFI
backfill,2026-05-02,TOR,MIN,,,,,,,,,,,,,,0,1,1,YRFI
backfill,2026-05-02,AZ,CHC,,,,,,,,,,,,,,0,0,0,NRFI
backfill,2026-05-02,CLE,ATH,,,,,,,,,,,,,,0,2,2,YRFI
backfill,2026-05-02,CIN,PIT,,,,,,,,,,,,,,2,5,7,YRFI
backfill,2026-05-02,MIL,WSH,,,,,,,,,,,,,,3,0,3,YRFI
backfill,2026-05-02,HOU,BOS,,,,,,,,,,,,,,1,0,1,YRFI
backfill,2026-05-02,PHI,MIA,,,,,,,,,,,,,,0,0,0,NRFI
backfill,2026-05-02,SF,TB,,,,,,,,,,,,,,0,0,0,NRFI
backfill,2026-05-02,LAD,STL,,,,,,,,,,,,,,0,0,0,NRFI
backfill,2026-05-02,TEX,DET,,,,,,,,,,,,,,0,3,3,YRFI
backfill,2026-05-02,ATL,COL,,,,,,,,,,,,,,2,0,2,YRFI
backfill,2026-05-02,CWS,SD,,,,,,,,,,,,,,0,0,0,NRFI
backfill,2026-05-02,NYM,LAA,,,,,,,,,,,,,,0,1,1,YRFI
backfill,2026-05-02,KC,SEA,,,,,,,,,,,,,,0,1,1,YRFI
backfill,2026-05-01,AZ,CHC,,,,,,,,,,,,,,0,3,3,YRFI
backfill,2026-05-01,TEX,DET,,,,,,,,,,,,,,1,0,1,YRFI
backfill,2026-05-01,CIN,PIT,,,,,,,,,,,,,,0,1,1,YRFI
backfill,2026-05-01,MIL,WSH,,,,,,,,,,,,,,1,0,1,YRFI
backfill,2026-05-01,BAL,NYY,,,,,,,,,,,,,,0,1,1,YRFI
backfill,2026-05-01,HOU,BOS,,,,,,,,,,,,,,0,0,0,NRFI
backfill,2026-05-01,SF,TB,,,,,,,,,,,,,,0,0,0,NRFI
backfill,2026-05-01,PHI,MIA,,,,,,,,,,,,,,0,1,1,YRFI
backfill,2026-05-01,TOR,MIN,,,,,,,,,,,,,,0,0,0,NRFI
backfill,2026-05-01,LAD,STL,,,,,,,,,,,,,,0,3,3,YRFI
backfill,2026-05-01,ATL,COL,,,,,,,,,,,,,,0,5,5,YRFI
backfill,2026-05-01,NYM,LAA,,,,,,,,,,,,,,0,2,2,YRFI
backfill,2026-05-01,CLE,ATH,,,,,,,,,,,,,,0,2,2,YRFI
backfill,2026-05-01,CWS,SD,,,,,,,,,,,,,,0,0,0,NRFI
backfill,2026-05-01,KC,SEA,,,,,,,,,,,,,,4,2,6,YRFI
backfill,2026-04-30,DET,ATL,,,,,,,,,,,,,,0,0,0,NRFI
backfill,2026-04-30,HOU,BAL,,,,,,,,,,,,,,0,0,0,NRFI
backfill,2026-04-30,HOU,BAL,,,,,,,,,,,,,,5,0,5,YRFI
backfill,2026-04-30,STL,PIT,,,,,,,,,,,,,,3,0,3,YRFI
backfill,2026-04-30,SF,PHI,,,,,,,,,,,,,,2,1,3,YRFI
backfill,2026-04-30,SF,PHI,,,,,,,,,,,,,,0,2,2,YRFI
backfill,2026-04-30,COL,CIN,,,,,,,,,,,,,,2,0,2,YRFI
backfill,2026-04-30,WSH,NYM,,,,,,,,,,,,,,0,0,0,NRFI
backfill,2026-04-30,AZ,MIL,,,,,,,,,,,,,,0,3,3,YRFI
backfill,2026-04-30,KC,ATH,,,,,,,,,,,,,,1,1,2,YRFI
backfill,2026-04-30,TOR,MIN,,,,,,,,,,,,,,0,0,0,NRFI
backfill,2026-04-29,TB,CLE,,,,,,,,,,,,,,0,0,0,NRFI
backfill,2026-04-29,LAA,CWS,,,,,,,,,,,,,,0,0,0,NRFI
backfill,2026-04-29,SEA,MIN,,,,,,,,,,,,,,0,0,0,NRFI
backfill,2026-04-29,NYY,TEX,,,,,,,,,,,,,,0,0,0,NRFI
backfill,2026-04-29,BOS,TOR,,,,,,,,,,,,,,1,0,1,YRFI
backfill,2026-04-29,MIA,LAD,,,,,,,,,,,,,,0,0,0,NRFI
backfill,2026-04-29,CHC,SD,,,,,,,,,,,,,,0,0,0,NRFI
backfill,2026-04-29,COL,CIN,,,,,,,,,,,,,,3,0,3,YRFI
backfill,2026-04-29,STL,PIT,,,,,,,,,,,,,,0,0,0,NRFI
backfill,2026-04-29,WSH,NYM,,,,,,,,,,,,,,2,0,2,YRFI
backfill,2026-04-29,DET,ATL,,,,,,,,,,,,,,0,2,2,YRFI
backfill,2026-04-29,AZ,MIL,,,,,,,,,,,,,,0,1,1,YRFI
backfill,2026-04-29,KC,ATH,,,,,,,,,,,,,,1,0,1,YRFI
backfill,2026-04-28,TB,CLE,,,,,,,,,,,,,,0,0,0,NRFI
backfill,2026-04-28,HOU,BAL,,,,,,,,,,,,,,0,2,2,YRFI
backfill,2026-04-28,COL,CIN,,,,,,,,,,,,,,0,3,3,YRFI
backfill,2026-04-28,STL,PIT,,,,,,,,,,,,,,0,0,0,NRFI
backfill,2026-04-28,SF,PHI,,,,,,,,,,,,,,0,0,0,NRFI
backfill,2026-04-28,BOS,TOR,,,,,,,,,,,,,,0,0,0,NRFI
backfill,2026-04-28,WSH,NYM,,,,,,,,,,,,,,0,1,1,YRFI
backfill,2026-04-28,DET,ATL,,,,,,,,,,,,,,0,0,0,NRFI
backfill,2026-04-28,SEA,MIN,,,,,,,,,,,,,,0,0,0,NRFI
backfill,2026-04-28,LAA,CWS,,,,,,,,,,,,,,0,0,0,NRFI
backfill,2026-04-28,AZ,MIL,,,,,,,,,,,,,,0,0,0,NRFI
backfill,2026-04-28,NYY,TEX,,,,,,,,,,,,,,1,0,1,YRFI
backfill,2026-04-28,KC,ATH,,,,,,,,,,,,,,0,0,0,NRFI
backfill,2026-04-28,CHC,SD,,,,,,,,,,,,,,0,0,0,NRFI
backfill,2026-04-28,MIA,LAD,,,,,,,,,,,,,,0,0,0,NRFI
backfill,2026-04-27,TB,CLE,,,,,,,,,,,,,,0,0,0,NRFI
backfill,2026-04-27,STL,PIT,,,,,,,,,,,,,,0,1,1,YRFI
backfill,2026-04-27,BOS,TOR,,,,,,,,,,,,,,0,0,0,NRFI
backfill,2026-04-27,SEA,MIN,,,,,,,,,,,,,,0,0,0,NRFI
backfill,2026-04-27,LAA,CWS,,,,,,,,,,,,,,1,0,1,YRFI
backfill,2026-04-27,NYY,TEX,,,,,,,,,,,,,,0,0,0,NRFI
backfill,2026-04-27,CHC,SD,,,,,,,,,,,,,,0,3,3,YRFI
backfill,2026-04-27,MIA,LAD,,,,,,,,,,,,,,0,2,2,YRFI
backfill,2026-04-26,BOS,BAL,,,,,,,,,,,,,,0,0,0,NRFI
backfill,2026-04-26,PHI,ATL,,,,,,,,,,,,,,0,3,3,YRFI
backfill,2026-04-26,CLE,TOR,,,,,,,,,,,,,,0,2,2,YRFI
backfill,2026-04-26,DET,CIN,,,,,,,,,,,,,,2,0,2,YRFI
backfill,2026-04-26,COL,NYM,,,,,,,,,,,,,,0,0,0,NRFI
backfill,2026-04-26,COL,NYM,,,,,,,,,,,,,,0,0,0,NRFI
backfill,2026-04-26,MIN,TB,,,,,,,,,,,,,,0,0,0,NRFI
backfill,2026-04-26,WSH,CWS,,,,,,,,,,,,,,0,0,0,NRFI
backfill,2026-04-26,NYY,HOU,,,,,,,,,,,,,,0,2,2,YRFI
backfill,2026-04-26,PIT,MIL,,,,,,,,,,,,,,0,0,0,NRFI
backfill,2026-04-26,SEA,STL,,,,,,,,,,,,,,0,0,0,NRFI
backfill,2026-04-26,ATH,TEX,,,,,,,,,,,,,,2,0,2,YRFI
backfill,2026-04-26,SD,AZ,,,,,,,,,,,,,,0,0,0,NRFI
backfill,2026-04-26,MIA,SF,,,,,,,,,,,,,,0,0,0,NRFI
backfill,2026-04-26,LAA,KC,,,,,,,,,,,,,,2,0,2,YRFI
backfill,2026-04-26,CHC,LAD,,,,,,,,,,,,,,0,3,3,YRFI
backfill,2026-04-25,BOS,BAL,,,,,,,,,,,,,,0,0,0,NRFI
backfill,2026-04-25,SEA,STL,,,,,,,,,,,,,,2,2,4,YRFI
backfill,2026-04-25,CLE,TOR,,,,,,,,,,,,,,0,0,0,NRFI
backfill,2026-04-25,MIA,SF,,,,,,,,,,,,,,0,0,0,NRFI
backfill,2026-04-25,MIN,TB,,,,,,,,,,,,,,0,0,0,NRFI
backfill,2026-04-25,WSH,CWS,,,,,,,,,,,,,,0,0,0,NRFI
backfill,2026-04-25,SD,AZ,,,,,,,,,,,,,,0,0,0,NRFI
backfill,2026-04-25,ATH,TEX,,,,,,,,,,,,,,0,0,0,NRFI
backfill,2026-04-25,LAA,KC,,,,,,,,,,,,,,0,0,0,NRFI
backfill,2026-04-25,NYY,HOU,,,,,,,,,,,,,,0,1,1,YRFI
backfill,2026-04-25,PIT,MIL,,,,,,,,,,,,,,0,0,0,NRFI
backfill,2026-04-25,DET,CIN,,,,,,,,,,,,,,1,4,5,YRFI
backfill,2026-04-25,CHC,LAD,,,,,,,,,,,,,,0,0,0,NRFI
backfill,2026-04-25,PHI,ATL,,,,,,,,,,,,,,1,0,1,YRFI
backfill,2026-04-24,DET,CIN,,,,,,,,,,,,,,0,0,0,NRFI
backfill,2026-04-24,BOS,BAL,,,,,,,,,,,,,,0,4,4,YRFI
backfill,2026-04-24,CLE,TOR,,,,,,,,,,,,,,5,2,7,YRFI
backfill,2026-04-24,COL,NYM,,,,,,,,,,,,,,0,0,0,NRFI
backfill,2026-04-24,MIN,TB,,,,,,,,,,,,,,0,1,1,YRFI
backfill,2026-04-24,PHI,ATL,,,,,,,,,,,,,,0,0,0,NRFI
backfill,2026-04-24,LAA,KC,,,,,,,,,,,,,,0,0,0,NRFI
backfill,2026-04-24,WSH,CWS,,,,,,,,,,,,,,0,0,0,NRFI
backfill,2026-04-24,PIT,MIL,,,,,,,,,,,,,,0,0,0,NRFI
backfill,2026-04-24,ATH,TEX,,,,,,,,,,,,,,3,0,3,YRFI
backfill,2026-04-24,NYY,HOU,,,,,,,,,,,,,,3,0,3,YRFI
backfill,2026-04-24,SEA,STL,,,,,,,,,,,,,,0,0,0,NRFI
backfill,2026-04-24,CHC,LAD,,,,,,,,,,,,,,0,0,0,NRFI
backfill,2026-04-24,MIA,SF,,,,,,,,,,,,,,3,0,3,YRFI
backfill,2026-04-23,ATL,WSH,,,,,,,,,,,,,,0,1,1,YRFI
backfill,2026-04-23,MIL,DET,,,,,,,,,,,,,,0,2,2,YRFI
backfill,2026-04-23,PHI,CHC,,,,,,,,,,,,,,0,0,0,NRFI
backfill,2026-04-23,SD,COL,,,,,,,,,,,,,,0,1,1,YRFI
backfill,2026-04-23,CWS,AZ,,,,,,,,,,,,,,0,1,1,YRFI
backfill,2026-04-23,LAD,SF,,,,,,,,,,,,,,0,0,0,NRFI
backfill,2026-04-23,NYY,BOS,,,,,,,,,,,,,,0,0,0,NRFI
backfill,2026-04-23,MIN,NYM,,,,,,,,,,,,,,1,3,4,YRFI
backfill,2026-04-23,PIT,TEX,,,,,,,,,,,,,,0,0,0,NRFI
backfill,2026-04-22,STL,MIA,,,,,,,,,,,,,,0,0,0,NRFI
backfill,2026-04-22,HOU,CLE,,,,,,,,,,,,,,2,0,2,YRFI
backfill,2026-04-22,CIN,TB,,,,,,,,,,,,,,0,0,0,NRFI
backfill,2026-04-22,BAL,KC,,,,,,,,,,,,,,2,1,3,YRFI
backfill,2026-04-22,TOR,LAA,,,,,,,,,,,,,,0,0,0,NRFI
backfill,2026-04-22,ATH,SEA,,,,,,,,,,,,,,2,1,3,YRFI
backfill,2026-04-22,MIL,DET,,,,,,,,,,,,,,0,0,0,NRFI
backfill,2026-04-22,ATL,WSH,,,,,,,,,,,,,,1,4,5,YRFI
backfill,2026-04-22,NYY,BOS,,,,,,,,,,,,,,3,0,3,YRFI
backfill,2026-04-22,MIN,NYM,,,,,,,,,,,,,,0,1,1,YRFI
backfill,2026-04-22,PHI,CHC,,,,,,,,,,,,,,0,1,1,YRFI
backfill,2026-04-22,PIT,TEX,,,,,,,,,,,,,,1,0,1,YRFI
backfill,2026-04-22,SD,COL,,,,,,,,,,,,,,1,0,1,YRFI
backfill,2026-04-22,CWS,AZ,,,,,,,,,,,,,,2,0,2,YRFI
backfill,2026-04-22,LAD,SF,,,,,,,,,,,,,,0,0,0,NRFI
backfill,2026-04-21,HOU,CLE,,,,,,,,,,,,,,0,1,1,YRFI
backfill,2026-04-21,CIN,TB,,,,,,,,,,,,,,2,0,2,YRFI
backfill,2026-04-21,STL,MIA,,,,,,,,,,,,,,1,1,2,YRFI
backfill,2026-04-21,MIL,DET,,,,,,,,,,,,,,0,0,0,NRFI
backfill,2026-04-21,ATL,WSH,,,,,,,,,,,,,,0,3,3,YRFI
backfill,2026-04-21,NYY,BOS,,,,,,,,,,,,,,0,0,0,NRFI
backfill,2026-04-21,MIN,NYM,,,,,,,,,,,,,,0,0,0,NRFI
backfill,2026-04-21,BAL,KC,,,,,,,,,,,,,,0,0,0,NRFI
backfill,2026-04-21,PHI,CHC,,,,,,,,,,,,,,0,0,0,NRFI
backfill,2026-04-21,PIT,TEX,,,,,,,,,,,,,,1,0,1,YRFI
backfill,2026-04-21,SD,COL,,,,,,,,,,,,,,0,0,0,NRFI
backfill,2026-04-21,TOR,LAA,,,,,,,,,,,,,,0,0,0,NRFI
backfill,2026-04-21,ATH,SEA,,,,,,,,,,,,,,1,0,1,YRFI
backfill,2026-04-21,CWS,AZ,,,,,,,,,,,,,,4,0,4,YRFI
backfill,2026-04-21,LAD,SF,,,,,,,,,,,,,,0,3,3,YRFI
backfill,2026-04-20,DET,BOS,,,,,,,,,,,,,,0,0,0,NRFI
backfill,2026-04-20,HOU,CLE,,,,,,,,,,,,,,2,1,3,YRFI
backfill,2026-04-20,CIN,TB,,,,,,,,,,,,,,2,1,3,YRFI
backfill,2026-04-20,STL,MIA,,,,,,,,,,,,,,0,0,0,NRFI
backfill,2026-04-20,ATL,WSH,,,,,,,,,,,,,,0,2,2,YRFI
backfill,2026-04-20,BAL,KC,,,,,,,,,,,,,,0,0,0,NRFI
backfill,2026-04-20,PHI,CHC,,,,,,,,,,,,,,0,0,0,NRFI
backfill,2026-04-20,LAD,COL,,,,,,,,,,,,,,0,1,1,YRFI
backfill,2026-04-20,TOR,LAA,,,,,,,,,,,,,,0,1,1,YRFI
backfill,2026-04-20,ATH,SEA,,,,,,,,,,,,,,0,2,2,YRFI
backfill,2026-04-19,SF,WSH,,,,,,,,,,,,,,0,0,0,NRFI
backfill,2026-04-19,TB,PIT,,,,,,,,,,,,,,0,1,1,YRFI
backfill,2026-04-19,KC,NYY,,,,,,,,,,,,,,0,3,3,YRFI
backfill,2026-04-19,BAL,CLE,,,,,,,,,,,,,,0,0,0,NRFI
backfill,2026-04-19,MIL,MIA,,,,,,,,,,,,,,0,3,3,YRFI
backfill,2026-04-19,STL,HOU,,,,,,,,,,,,,,0,0,0,NRFI
backfill,2026-04-19,CIN,MIN,,,,,,,,,,,,,,0,1,1,YRFI
backfill,2026-04-19,NYM,CHC,,,,,,,,,,,,,,0,0,0,NRFI
backfill,2026-04-19,LAD,COL,,,,,,,,,,,,,,0,0,0,NRFI
backfill,2026-04-19,CWS,ATH,,,,,,,,,,,,,,1,0,1,YRFI
backfill,2026-04-19,SD,LAA,,,,,,,,,,,,,,0,0,0,NRFI
backfill,2026-04-19,TEX,SEA,,,,,,,,,,,,,,0,1,1,YRFI
backfill,2026-04-19,TOR,AZ,,,,,,,,,,,,,,8,0,8,YRFI
backfill,2026-04-19,DET,BOS,,,,,,,,,,,,,,1,1,2,YRFI
backfill,2026-04-19,ATL,PHI,,,,,,,,,,,,,,0,2,2,YRFI
backfill,2026-04-18,KC,NYY,,,,,,,,,,,,,,0,0,0,NRFI
backfill,2026-04-18,CIN,MIN,,,,,,,,,,,,,,0,2,2,YRFI
backfill,2026-04-18,NYM,CHC,,,,,,,,,,,,,,0,0,0,NRFI
backfill,2026-04-18,TB,PIT,,,,,,,,,,,,,,0,2,2,YRFI
backfill,2026-04-18,SF,WSH,,,,,,,,,,,,,,0,1,1,YRFI
backfill,2026-04-18,CWS,ATH,,,,,,,,,,,,,,0,0,0,NRFI
backfill,2026-04-18,DET,BOS,,,,,,,,,,,,,,1,0,1,YRFI
backfill,2026-04-18,MIL,MIA,,,,,,,,,,,,,,0,0,0,NRFI
backfill,2026-04-18,BAL,CLE,,,,,,,,,,,,,,0,0,0,NRFI
backfill,2026-04-18,STL,HOU,,,,,,,,,,,,,,2,1,3,YRFI
backfill,2026-04-18,TEX,SEA,,,,,,,,,,,,,,0,1,1,YRFI
backfill,2026-04-18,ATL,PHI,,,,,,,,,,,,,,0,0,0,NRFI
backfill,2026-04-18,LAD,COL,,,,,,,,,,,,,,2,1,3,YRFI
backfill,2026-04-18,TOR,AZ,,,,,,,,,,,,,,1,1,2,YRFI
backfill,2026-04-18,SD,LAA,,,,,,,,,,,,,,0,0,0,NRFI
backfill,2026-04-17,NYM,CHC,,,,,,,,,,,,,,0,4,4,YRFI
backfill,2026-04-17,BAL,CLE,,,,,,,,,,,,,,0,0,0,NRFI
backfill,2026-04-17,ATL,PHI,,,,,,,,,,,,,,2,0,2,YRFI
backfill,2026-04-17,SF,WSH,,,,,,,,,,,,,,0,0,0,NRFI
backfill,2026-04-17,TB,PIT,,,,,,,,,,,,,,0,0,0,NRFI
backfill,2026-04-17,KC,NYY,,,,,,,,,,,,,,0,0,0,NRFI
backfill,2026-04-17,MIL,MIA,,,,,,,,,,,,,,0,0,0,NRFI
backfill,2026-04-17,DET,BOS,,,,,,,,,,,,,,0,0,0,NRFI
backfill,2026-04-17,STL,HOU,,,,,,,,,,,,,,1,0,1,YRFI
backfill,2026-04-17,CIN,MIN,,,,,,,,,,,,,,0,0,0,NRFI
backfill,2026-04-17,LAD,COL,,,,,,,,,,,,,,1,0,1,YRFI
backfill,2026-04-17,SD,LAA,,,,,,,,,,,,,,0,0,0,NRFI
backfill,2026-04-17,TEX,SEA,,,,,,,,,,,,,,1,0,1,YRFI
backfill,2026-04-17,TOR,AZ,,,,,,,,,,,,,,0,0,0,NRFI
backfill,2026-04-17,CWS,ATH,,,,,,,,,,,,,,1,0,1,YRFI
backfill,2026-04-16,WSH,PIT,,,,,,,,,,,,,,0,0,0,NRFI
backfill,2026-04-16,SF,CIN,,,,,,,,,,,,,,0,0,0,NRFI
backfill,2026-04-16,KC,DET,,,,,,,,,,,,,,0,0,0,NRFI
backfill,2026-04-16,LAA,NYY,,,,,,,,,,,,,,2,1,3,YRFI
backfill,2026-04-16,TOR,MIL,,,,,,,,,,,,,,0,0,0,NRFI
backfill,2026-04-16,TB,CWS,,,,,,,,,,,,,,0,0,0,NRFI
backfill,2026-04-16,TEX,ATH,,,,,,,,,,,,,,0,0,0,NRFI
backfill,2026-04-16,BAL,CLE,,,,,,,,,,,,,,0,2,2,YRFI
backfill,2026-04-16,COL,HOU,,,,,,,,,,,,,,0,2,2,YRFI
backfill,2026-04-16,SEA,SD,,,,,,,,,,,,,,0,0,0,NRFI
backfill,2026-04-15,AZ,BAL,,,,,,,,,,,,,,0,0,0,NRFI
backfill,2026-04-15,CLE,STL,,,,,,,,,,,,,,1,0,1,YRFI
backfill,2026-04-15,BOS,MIN,,,,,,,,,,,,,,0,1,1,YRFI
backfill,2026-04-15,KC,DET,,,,,,,,,,,,,,0,0,0,NRFI
backfill,2026-04-15,WSH,PIT,,,,,,,,,,,,,,0,2,2,YRFI
backfill,2026-04-15,SF,CIN,,,,,,,,,,,,,,0,4,4,YRFI
backfill,2026-04-15,CHC,PHI,,,,,,,,,,,,,,0,1,1,YRFI
backfill,2026-04-15,LAA,NYY,,,,,,,,,,,,,,0,1,1,YRFI
backfill,2026-04-15,MIA,ATL,,,,,,,,,,,,,,0,0,0,NRFI
backfill,2026-04-15,TB,CWS,,,,,,,,,,,,,,0,0,0,NRFI
backfill,2026-04-15,TOR,MIL,,,,,,,,,,,,,,1,0,1,YRFI
backfill,2026-04-15,COL,HOU,,,,,,,,,,,,,,0,2,2,YRFI
backfill,2026-04-15,SEA,SD,,,,,,,,,,,,,,0,0,0,NRFI
backfill,2026-04-15,TEX,ATH,,,,,,,,,,,,,,0,1,1,YRFI
backfill,2026-04-15,NYM,LAD,,,,,,,,,,,,,,0,0,0,NRFI
backfill,2026-04-14,AZ,BAL,,,,,,,,,,,,,,0,0,0,NRFI
backfill,2026-04-14,KC,DET,,,,,,,,,,,,,,0,0,0,NRFI
backfill,2026-04-14,WSH,PIT,,,,,,,,,,,,,,3,1,4,YRFI
backfill,2026-04-14,SF,CIN,,,,,,,,,,,,,,0,0,0,NRFI
backfill,2026-04-14,CHC,PHI,,,,,,,,,,,,,,0,0,0,NRFI
backfill,2026-04-14,LAA,NYY,,,,,,,,,,,,,,3,0,3,YRFI
backfill,2026-04-14,MIA,ATL,,,,,,,,,,,,,,1,0,1,YRFI
backfill,2026-04-14,BOS,MIN,,,,,,,,,,,,,,0,1,1,YRFI
backfill,2026-04-14,TB,CWS,,,,,,,,,,,,,,3,0,3,YRFI
backfill,2026-04-14,TOR,MIL,,,,,,,,,,,,,,0,0,0,NRFI
backfill,2026-04-14,CLE,STL,,,,,,,,,,,,,,1,1,2,YRFI
backfill,2026-04-14,COL,HOU,,,,,,,,,,,,,,1,0,1,YRFI
backfill,2026-04-14,SEA,SD,,,,,,,,,,,,,,0,0,0,NRFI
backfill,2026-04-14,TEX,ATH,,,,,,,,,,,,,,1,0,1,YRFI
backfill,2026-04-14,NYM,LAD,,,,,,,,,,,,,,1,1,2,YRFI
backfill,2026-04-13,HOU,SEA,,,,,,,,,,,,,,0,3,3,YRFI
backfill,2026-04-13,AZ,BAL,,,,,,,,,,,,,,1,0,1,YRFI
backfill,2026-04-13,WSH,PIT,,,,,,,,,,,,,,1,0,1,YRFI
backfill,2026-04-13,CHC,PHI,,,,,,,,,,,,,,0,1,1,YRFI
backfill,2026-04-13,LAA,NYY,,,,,,,,,,,,,,0,2,2,YRFI
backfill,2026-04-13,MIA,ATL,,,,,,,,,,,,,,0,0,0,NRFI
backfill,2026-04-13,BOS,MIN,,,,,,,,,,,,,,0,4,4,YRFI
backfill,2026-04-13,CLE,STL,,,,,,,,,,,,,,1,1,2,YRFI
backfill,2026-04-13,TEX,ATH,,,,,,,,,,,,,,3,0,3,YRFI
backfill,2026-04-13,NYM,LAD,,,,,,,,,,,,,,0,1,1,YRFI
backfill,2026-04-12,SF,BAL,,,,,,,,,,,,,,0,2,2,YRFI
backfill,2026-04-12,AZ,PHI,,,,,,,,,,,,,,0,0,0,NRFI
backfill,2026-04-12,MIN,TOR,,,,,,,,,,,,,,0,1,1,YRFI
backfill,2026-04-12,LAA,CIN,,,,,,,,,,,,,,3,0,3,YRFI
backfill,2026-04-12,ATH,NYM,,,,,,,,,,,,,,0,0,0,NRFI
backfill,2026-04-12,MIA,DET,,,,,,,,,,,,,,0,3,3,YRFI
backfill,2026-04-12,NYY,TB,,,,,,,,,,,,,,0,1,1,YRFI
backfill,2026-04-12,CWS,KC,,,,,,,,,,,,,,0,0,0,NRFI
backfill,2026-04-12,WSH,MIL,,,,,,,,,,,,,,0,0,0,NRFI
backfill,2026-04-12,BOS,STL,,,,,,,,,,,,,,2,0,2,YRFI
backfill,2026-04-12,PIT,CHC,,,,,,,,,,,,,,1,0,1,YRFI
backfill,2026-04-12,COL,SD,,,,,,,,,,,,,,0,1,1,YRFI
backfill,2026-04-12,HOU,SEA,,,,,,,,,,,,,,0,1,1,YRFI
backfill,2026-04-12,TEX,LAD,,,,,,,,,,,,,,0,1,1,YRFI
backfill,2026-04-12,CLE,ATL,,,,,,,,,,,,,,0,0,0,NRFI
backfill,2026-04-11,AZ,PHI,,,,,,,,,,,,,,2,0,2,YRFI
backfill,2026-04-11,MIA,DET,,,,,,,,,,,,,,0,2,2,YRFI
backfill,2026-04-11,PIT,CHC,,,,,,,,,,,,,,0,0,0,NRFI
backfill,2026-04-11,MIN,TOR,,,,,,,,,,,,,,0,2,2,YRFI
backfill,2026-04-11,LAA,CIN,,,,,,,,,,,,,,0,4,4,YRFI
backfill,2026-04-11,ATH,NYM,,,,,,,,,,,,,,0,1,1,YRFI
backfill,2026-04-11,CWS,KC,,,,,,,,,,,,,,0,1,1,YRFI
backfill,2026-04-11,NYY,TB,,,,,,,,,,,,,,0,0,0,NRFI
backfill,2026-04-11,WSH,MIL,,,,,,,,,,,,,,0,0,0,NRFI
backfill,2026-04-11,SF,BAL,,,,,,,,,,,,,,0,0,0,NRFI
backfill,2026-04-11,BOS,STL,,,,,,,,,,,,,,0,0,0,NRFI
backfill,2026-04-11,CLE,ATL,,,,,,,,,,,,,,1,0,1,YRFI
backfill,2026-04-11,COL,SD,,,,,,,,,,,,,,2,0,2,YRFI
backfill,2026-04-11,TEX,LAD,,,,,,,,,,,,,,1,4,5,YRFI
backfill,2026-04-11,HOU,SEA,,,,,,,,,,,,,,0,2,2,YRFI
backfill,2026-04-10,PIT,CHC,,,,,,,,,,,,,,0,0,0,NRFI
backfill,2026-04-10,AZ,PHI,,,,,,,,,,,,,,0,4,4,YRFI
backfill,2026-04-10,MIA,DET,,,,,,,,,,,,,,0,0,0,NRFI
backfill,2026-04-10,LAA,CIN,,,,,,,,,,,,,,0,0,0,NRFI
backfill,2026-04-10,MIN,TOR,,,,,,,,,,,,,,3,0,3,YRFI
backfill,2026-04-10,ATH,NYM,,,,,,,,,,,,,,0,0,0,NRFI
backfill,2026-04-10,NYY,TB,,,,,,,,,,,,,,2,2,4,YRFI
backfill,2026-04-10,SF,BAL,,,,,,,,,,,,,,0,0,0,NRFI
backfill,2026-04-10,CLE,ATL,,,,,,,,,,,,,,0,0,0,NRFI
backfill,2026-04-10,CWS,KC,,,,,,,,,,,,,,0,0,0,NRFI
backfill,2026-04-10,WSH,MIL,,,,,,,,,,,,,,2,3,5,YRFI
backfill,2026-04-10,BOS,STL,,,,,,,,,,,,,,0,0,0,NRFI
backfill,2026-04-10,COL,SD,,,,,,,,,,,,,,0,0,0,NRFI
backfill,2026-04-10,HOU,SEA,,,,,,,,,,,,,,0,3,3,YRFI
backfill,2026-04-10,TEX,LAD,,,,,,,,,,,,,,0,0,0,NRFI
backfill,2026-04-09,CIN,MIA,,,,,,,,,,,,,,0,1,1,YRFI
backfill,2026-04-09,ATH,NYY,,,,,,,,,,,,,,0,0,0,NRFI
backfill,2026-04-09,DET,MIN,,,,,,,,,,,,,,0,0,0,NRFI
backfill,2026-04-09,AZ,NYM,,,,,,,,,,,,,,0,1,1,YRFI
backfill,2026-04-09,CWS,KC,,,,,,,,,,,,,,0,0,0,NRFI
backfill,2026-04-09,COL,SD,,,,,,,,,,,,,,0,0,0,NRFI
backfill,2026-04-08,SD,PIT,,,,,,,,,,,,,,0,0,0,NRFI
backfill,2026-04-08,KC,CLE,,,,,,,,,,,,,,0,3,3,YRFI
backfill,2026-04-08,MIL,BOS,,,,,,,,,,,,,,0,0,0,NRFI
backfill,2026-04-08,BAL,CWS,,,,,,,,,,,,,,0,0,0,NRFI
backfill,2026-04-08,SEA,TEX,,,,,,,,,,,,,,0,0,0,NRFI
backfill,2026-04-08,LAD,TOR,,,,,,,,,,,,,,0,0,0,NRFI
backfill,2026-04-08,HOU,COL,,,,,,,,,,,,,,0,1,1,YRFI
backfill,2026-04-08,PHI,SF,,,,,,,,,,,,,,0,0,0,NRFI
backfill,2026-04-08,STL,WSH,,,,,,,,,,,,,,0,0,0,NRFI
backfill,2026-04-08,ATL,LAA,,,,,,,,,,,,,,1,0,1,YRFI
backfill,2026-04-08,AZ,NYM,,,,,,,,,,,,,,1,0,1,YRFI
backfill,2026-04-08,CHC,TB,,,,,,,,,,,,,,1,0,1,YRFI
backfill,2026-04-08,CIN,MIA,,,,,,,,,,,,,,2,2,4,YRFI
backfill,2026-04-08,ATH,NYY,,,,,,,,,,,,,,0,2,2,YRFI
backfill,2026-04-08,DET,MIN,,,,,,,,,,,,,,0,6,6,YRFI
backfill,2026-04-07,KC,CLE,,,,,,,,,,,,,,0,0,0,NRFI
backfill,2026-04-07,BAL,CWS,,,,,,,,,,,,,,0,0,0,NRFI
backfill,2026-04-07,AZ,NYM,,,,,,,,,,,,,,0,1,1,YRFI
backfill,2026-04-07,SD,PIT,,,,,,,,,,,,,,0,0,0,NRFI
backfill,2026-04-07,CHC,TB,,,,,,,,,,,,,,0,0,0,NRFI
backfill,2026-04-07,CIN,MIA,,,,,,,,,,,,,,0,0,0,NRFI
backfill,2026-04-07,STL,WSH,,,,,,,,,,,,,,2,1,3,YRFI
backfill,2026-04-07,MIL,BOS,,,,,,,,,,,,,,0,0,0,NRFI
backfill,2026-04-07,ATH,NYY,,,,,,,,,,,,,,0,0,0,NRFI
backfill,2026-04-07,LAD,TOR,,,,,,,,,,,,,,0,0,0,NRFI
backfill,2026-04-07,DET,MIN,,,,,,,,,,,,,,0,0,0,NRFI
backfill,2026-04-07,SEA,TEX,,,,,,,,,,,,,,1,0,1,YRFI
backfill,2026-04-07,HOU,COL,,,,,,,,,,,,,,0,0,0,NRFI
backfill,2026-04-07,ATL,LAA,,,,,,,,,,,,,,0,2,2,YRFI
backfill,2026-04-07,PHI,SF,,,,,,,,,,,,,,0,1,1,YRFI
backfill,2026-04-06,CHC,TB,,,,,,,,,,,,,,0,0,0,NRFI
backfill,2026-04-06,KC,CLE,,,,,,,,,,,,,,0,0,0,NRFI
backfill,2026-04-06,SD,PIT,,,,,,,,,,,,,,0,0,0,NRFI
backfill,2026-04-06,CIN,MIA,,,,,,,,,,,,,,0,0,0,NRFI
backfill,2026-04-06,STL,WSH,,,,,,,,,,,,,,0,2,2,YRFI
backfill,2026-04-06,MIL,BOS,,,,,,,,,,,,,,0,1,1,YRFI
backfill,2026-04-06,LAD,TOR,,,,,,,,,,,,,,2,1,3,YRFI
backfill,2026-04-06,DET,MIN,,,,,,,,,,,,,,0,0,0,NRFI
backfill,2026-04-06,BAL,CWS,,,,,,,,,,,,,,0,0,0,NRFI
backfill,2026-04-06,SEA,TEX,,,,,,,,,,,,,,1,1,2,YRFI
backfill,2026-04-06,HOU,COL,,,,,,,,,,,,,,2,0,2,YRFI
backfill,2026-04-06,ATL,LAA,,,,,,,,,,,,,,1,1,2,YRFI
backfill,2026-04-06,PHI,SF,,,,,,,,,,,,,,0,0,0,NRFI
backfill,2026-04-05,CHC,CLE,,,,,,,,,,,,,,0,0,0,NRFI
backfill,2026-04-05,CHC,CLE,,,,,,,,,,,,,,0,0,0,NRFI
backfill,2026-04-05,LAD,WSH,,,,,,,,,,,,,,0,0,0,NRFI
backfill,2026-04-05,BAL,PIT,,,,,,,,,,,,,,0,2,2,YRFI
backfill,2026-04-05,SD,BOS,,,,,,,,,,,,,,0,0,0,NRFI
backfill,2026-04-05,MIA,NYY,,,,,,,,,,,,,,1,3,4,YRFI
backfill,2026-04-05,TB,MIN,,,,,,,,,,,,,,0,0,0,NRFI
backfill,2026-04-05,TOR,CWS,,,,,,,,,,,,,,0,1,1,YRFI
backfill,2026-04-05,MIL,KC,,,,,,,,,,,,,,3,0,3,YRFI
backfill,2026-04-05,CIN,TEX,,,,,,,,,,,,,,0,0,0,NRFI
backfill,2026-04-05,PHI,COL,,,,,,,,,,,,,,0,3,3,YRFI
backfill,2026-04-05,HOU,ATH,,,,,,,,,,,,,,0,0,0,NRFI
backfill,2026-04-05,NYM,SF,,,,,,,,,,,,,,0,0,0,NRFI
backfill,2026-04-05,SEA,LAA,,,,,,,,,,,,,,0,1,1,YRFI
backfill,2026-04-05,ATL,AZ,,,,,,,,,,,,,,1,1,2,YRFI
backfill,2026-04-05,STL,DET,,,,,,,,,,,,,,0,0,0,NRFI
backfill,2026-04-04,TOR,CWS,,,,,,,,,,,,,,0,1,1,YRFI
backfill,2026-04-04,MIL,KC,,,,,,,,,,,,,,2,0,2,YRFI
backfill,2026-04-04,MIL,KC,,,,,,,,,,,,,,0,0,0,NRFI
backfill,2026-04-04,LAD,WSH,,,,,,,,,,,,,,2,0,2,YRFI
backfill,2026-04-04,HOU,ATH,,,,,,,,,,,,,,2,0,2,YRFI
backfill,2026-04-04,BAL,PIT,,,,,,,,,,,,,,0,0,0,NRFI
backfill,2026-04-04,SD,BOS,,,,,,,,,,,,,,0,0,0,NRFI
backfill,2026-04-04,CIN,TEX,,,,,,,,,,,,,,2,0,2,YRFI
backfill,2026-04-04,MIA,NYY,,,,,,,,,,,,,,2,0,2,YRFI
backfill,2026-04-04,TB,MIN,,,,,,,,,,,,,,0,0,0,NRFI
backfill,2026-04-04,ATL,AZ,,,,,,,,,,,,,,0,0,0,NRFI
backfill,2026-04-04,PHI,COL,,,,,,,,,,,,,,1,0,1,YRFI
backfill,2026-04-04,NYM,SF,,,,,,,,,,,,,,0,0,0,NRFI
backfill,2026-04-04,SEA,LAA,,,,,,,,,,,,,,0,1,1,YRFI
backfill,2026-04-03,LAD,WSH,,,,,,,,,,,,,,0,3,3,YRFI
backfill,2026-04-03,STL,DET,,,,,,,,,,,,,,0,0,0,NRFI
backfill,2026-04-03,MIA,NYY,,,,,,,,,,,,,,1,2,3,YRFI
backfill,2026-04-03,SD,BOS,,,,,,,,,,,,,,0,0,0,NRFI
backfill,2026-04-03,TOR,CWS,,,,,,,,,,,,,,0,1,1,YRFI
backfill,2026-04-03,CIN,TEX,,,,,,,,,,,,,,0,0,0,NRFI
backfill,2026-04-03,CHC,CLE,,,,,,,,,,,,,,0,0,0,NRFI
backfill,2026-04-03,TB,MIN,,,,,,,,,,,,,,2,0,2,YRFI
backfill,2026-04-03,PHI,COL,,,,,,,,,,,,,,7,0,7,YRFI
backfill,2026-04-03,BAL,PIT,,,,,,,,,,,,,,0,0,0,NRFI
backfill,2026-04-03,SEA,LAA,,,,,,,,,,,,,,0,0,0,NRFI
backfill,2026-04-03,HOU,ATH,,,,,,,,,,,,,,0,0,0,NRFI
backfill,2026-04-03,ATL,AZ,,,,,,,,,,,,,,0,0,0,NRFI
backfill,2026-04-03,NYM,SF,,,,,,,,,,,,,,2,0,2,YRFI
backfill,2026-04-02,MIN,KC,,,,,,,,,,,,,,0,0,0,NRFI
backfill,2026-04-02,ATL,AZ,,,,,,,,,,,,,,1,0,1,YRFI
backfill,2026-04-02,NYM,SF,,,,,,,,,,,,,,1,3,4,YRFI
backfill,2026-04-01,ATH,ATL,,,,,,,,,,,,,,0,0,0,NRFI
backfill,2026-04-01,TEX,BAL,,,,,,,,,,,,,,0,0,0,NRFI
backfill,2026-04-01,PIT,CIN,,,,,,,,,,,,,,3,0,3,YRFI
backfill,2026-04-01,WSH,PHI,,,,,,,,,,,,,,0,1,1,YRFI
backfill,2026-04-01,COL,TOR,,,,,,,,,,,,,,0,0,0,NRFI
backfill,2026-04-01,CWS,MIA,,,,,,,,,,,,,,0,4,4,YRFI
backfill,2026-04-01,NYM,STL,,,,,,,,,,,,,,0,0,0,NRFI
backfill,2026-04-01,TB,MIL,,,,,,,,,,,,,,0,0,0,NRFI
backfill,2026-04-01,BOS,HOU,,,,,,,,,,,,,,1,2,3,YRFI
backfill,2026-04-01,LAA,CHC,,,,,,,,,,,,,,0,0,0,NRFI
backfill,2026-04-01,DET,AZ,,,,,,,,,,,,,,0,1,1,YRFI
backfill,2026-04-01,SF,SD,,,,,,,,,,,,,,0,1,1,YRFI
backfill,2026-04-01,NYY,SEA,,,,,,,,,,,,,,1,0,1,YRFI
backfill,2026-04-01,MIN,KC,,,,,,,,,,,,,,0,0,0,NRFI
backfill,2026-04-01,CLE,LAD,,,,,,,,,,,,,,0,0,0,NRFI
backfill,2026-03-31,TEX,BAL,,,,,,,,,,,,,,0,0,0,NRFI
backfill,2026-03-31,PIT,CIN,,,,,,,,,,,,,,0,0,0,NRFI
backfill,2026-03-31,WSH,PHI,,,,,,,,,,,,,,0,0,0,NRFI
backfill,2026-03-31,CWS,MIA,,,,,,,,,,,,,,0,0,0,NRFI
backfill,2026-03-31,COL,TOR,,,,,,,,,,,,,,0,0,0,NRFI
backfill,2026-03-31,ATH,ATL,,,,,,,,,,,,,,0,1,1,YRFI
backfill,2026-03-31,LAA,CHC,,,,,,,,,,,,,,0,0,0,NRFI
backfill,2026-03-31,TB,MIL,,,,,,,,,,,,,,1,0,1,YRFI
backfill,2026-03-31,NYM,STL,,,,,,,,,,,,,,0,0,0,NRFI
backfill,2026-03-31,BOS,HOU,,,,,,,,,,,,,,0,1,1,YRFI
backfill,2026-03-31,DET,AZ,,,,,,,,,,,,,,0,0,0,NRFI
backfill,2026-03-31,SF,SD,,,,,,,,,,,,,,3,0,3,YRFI
backfill,2026-03-31,NYY,SEA,,,,,,,,,,,,,,2,0,2,YRFI
backfill,2026-03-31,CLE,LAD,,,,,,,,,,,,,,0,0,0,NRFI
backfill,2026-03-30,MIN,KC,,,,,,,,,,,,,,0,0,0,NRFI
backfill,2026-03-30,TEX,BAL,,,,,,,,,,,,,,1,1,2,YRFI
backfill,2026-03-30,PIT,CIN,,,,,,,,,,,,,,0,0,0,NRFI
backfill,2026-03-30,WSH,PHI,,,,,,,,,,,,,,4,0,4,YRFI
backfill,2026-03-30,CWS,MIA,,,,,,,,,,,,,,0,0,0,NRFI
backfill,2026-03-30,COL,TOR,,,,,,,,,,,,,,0,0,0,NRFI
backfill,2026-03-30,ATH,ATL,,,,,,,,,,,,,,0,3,3,YRFI
backfill,2026-03-30,LAA,CHC,,,,,,,,,,,,,,0,3,3,YRFI
backfill,2026-03-30,TB,MIL,,,,,,,,,,,,,,1,0,1,YRFI
backfill,2026-03-30,NYM,STL,,,,,,,,,,,,,,1,1,2,YRFI
backfill,2026-03-30,BOS,HOU,,,,,,,,,,,,,,0,1,1,YRFI
backfill,2026-03-30,SF,SD,,,,,,,,,,,,,,0,0,0,NRFI
backfill,2026-03-30,NYY,SEA,,,,,,,,,,,,,,0,0,0,NRFI
backfill,2026-03-30,DET,AZ,,,,,,,,,,,,,,0,2,2,YRFI
backfill,2026-03-30,CLE,LAD,,,,,,,,,,,,,,0,0,0,NRFI
backfill,2026-03-29,MIN,BAL,,,,,,,,,,,,,,0,0,0,NRFI
backfill,2026-03-29,TEX,PHI,,,,,,,,,,,,,,0,0,0,NRFI
backfill,2026-03-29,KC,ATL,,,,,,,,,,,,,,0,0,0,NRFI
backfill,2026-03-29,ATH,TOR,,,,,,,,,,,,,,0,1,1,YRFI
backfill,2026-03-29,BOS,CIN,,,,,,,,,,,,,,0,0,0,NRFI
backfill,2026-03-29,PIT,NYM,,,,,,,,,,,,,,1,0,1,YRFI
backfill,2026-03-29,COL,MIA,,,,,,,,,,,,,,3,1,4,YRFI
backfill,2026-03-29,LAA,HOU,,,,,,,,,,,,,,0,0,0,NRFI
backfill,2026-03-29,CWS,MIL,,,,,,,,,,,,,,4,2,6,YRFI
backfill,2026-03-29,TB,STL,,,,,,,,,,,,,,0,0,0,NRFI
backfill,2026-03-29,WSH,CHC,,,,,,,,,,,,,,3,0,3,YRFI
backfill,2026-03-29,CLE,SEA,,,,,,,,,,,,,,0,0,0,NRFI
backfill,2026-03-28,TB,STL,,,,,,,,,,,,,,0,2,2,YRFI
backfill,2026-03-28,WSH,CHC,,,,,,,,,,,,,,0,0,0,NRFI
backfill,2026-03-28,ATH,TOR,,,,,,,,,,,,,,0,0,0,NRFI
backfill,2026-03-28,MIN,BAL,,,,,,,,,,,,,,0,0,0,NRFI
backfill,2026-03-28,TEX,PHI,,,,,,,,,,,,,,1,0,1,YRFI
backfill,2026-03-28,BOS,CIN,,,,,,,,,,,,,,0,2,2,YRFI
backfill,2026-03-28,PIT,NYM,,,,,,,,,,,,,,0,0,0,NRFI
backfill,2026-03-28,COL,MIA,,,,,,,,,,,,,,0,0,0,NRFI
backfill,2026-03-28,LAA,HOU,,,,,,,,,,,,,,0,0,0,NRFI
backfill,2026-03-28,CWS,MIL,,,,,,,,,,,,,,0,3,3,YRFI
backfill,2026-03-28,KC,ATL,,,,,,,,,,,,,,0,0,0,NRFI
backfill,2026-03-28,NYY,SF,,,,,,,,,,,,,,0,0,0,NRFI
backfill,2026-03-28,DET,SD,,,,,,,,,,,,,,0,0,0,NRFI
backfill,2026-03-28,AZ,LAD,,,,,,,,,,,,,,1,0,1,YRFI
backfill,2026-03-28,CLE,SEA,,,,,,,,,,,,,,0,0,0,NRFI
backfill,2026-03-27,NYY,SF,,,,,,,,,,,,,,0,0,0,NRFI
backfill,2026-03-27,ATH,TOR,,,,,,,,,,,,,,0,0,0,NRFI
backfill,2026-03-27,COL,MIA,,,,,,,,,,,,,,0,0,0,NRFI
backfill,2026-03-27,KC,ATL,,,,,,,,,,,,,,0,1,1,YRFI
backfill,2026-03-27,LAA,HOU,,,,,,,,,,,,,,1,1,2,YRFI
backfill,2026-03-27,DET,SD,,,,,,,,,,,,,,0,0,0,NRFI
backfill,2026-03-27,CLE,SEA,,,,,,,,,,,,,,1,0,1,YRFI
backfill,2026-03-27,AZ,LAD,,,,,,,,,,,,,,0,0,0,NRFI
backfill,2026-03-26,PIT,NYM,,,,,,,,,,,,,,2,5,7,YRFI
backfill,2026-03-26,CWS,MIL,,,,,,,,,,,,,,1,0,1,YRFI
backfill,2026-03-26,WSH,CHC,,,,,,,,,,,,,,0,0,0,NRFI
backfill,2026-03-26,MIN,BAL,,,,,,,,,,,,,,0,0,0,NRFI
backfill,2026-03-26,BOS,CIN,,,,,,,,,,,,,,0,0,0,NRFI
backfill,2026-03-26,LAA,HOU,,,,,,,,,,,,,,0,0,0,NRFI
backfill,2026-03-26,DET,SD,,,,,,,,,,,,,,4,0,4,YRFI
backfill,2026-03-26,TB,STL,,,,,,,,,,,,,,0,0,0,NRFI
backfill,2026-03-26,TEX,PHI,,,,,,,,,,,,,,0,2,2,YRFI
backfill,2026-03-26,AZ,LAD,,,,,,,,,,,,,,0,0,0,NRFI
backfill,2026-03-26,CLE,SEA,,,,,,,,,,,,,,1,1,2,YRFI
backfill,2026-03-25,NYY,SF,,,,,,,,,,,,,,0,0,0,NRFI
backfill,2026-03-24,TB,ATL,,,,,,,,,,,,,,0,0,0,NRFI
backfill,2026-03-24,BOS,MIN,,,,,,,,,,,,,,1,2,3,YRFI
backfill,2026-03-24,KC,TEX,,,,,,,,,,,,,,0,1,1,YRFI
backfill,2026-03-24,NYY,CHC,,,,,,,,,,,,,,0,1,1,YRFI
backfill,2026-03-24,DET,COL,,,,,,,,,,,,,,2,0,2,YRFI
backfill,2026-03-24,CLE,AZ,,,,,,,,,,,,,,4,0,4,YRFI
backfill,2026-03-24,CIN,MIL,,,,,,,,,,,,,,0,0,0,NRFI
backfill,2026-03-24,LAA,LAD,,,,,,,,,,,,,,0,0,0,NRFI
backfill,2026-03-24,5434,HOU,,,,,,,,,,,,,,1,0,1,YRFI
backfill,2026-03-24,562,SF,,,,,,,,,,,,,,0,0,0,NRFI
backfill,2026-03-23,TB,PHI,,,,,,,,,,,,,,0,0,0,NRFI
backfill,2026-03-23,BAL,WSH,,,,,,,,,,,,,,0,0,0,NRFI
backfill,2026-03-23,MIN,BOS,,,,,,,,,,,,,,0,0,0,NRFI
backfill,2026-03-23,ATL,PIT,,,,,,,,,,,,,,1,0,1,YRFI
backfill,2026-03-23,CWS,ATH,,,,,,,,,,,,,,3,0,3,YRFI
backfill,2026-03-23,NYY,CHC,,,,,,,,,,,,,,1,1,2,YRFI
backfill,2026-03-23,SEA,SD,,,,,,,,,,,,,,1,0,1,YRFI
backfill,2026-03-23,STL,440,,,,,,,,,,,,,,2,0,2,YRFI
backfill,2026-03-23,CIN,MIL,,,,,,,,,,,,,,0,0,0,NRFI
backfill,2026-03-23,KC,TEX,,,,,,,,,,,,,,0,0,0,NRFI
backfill,2026-03-23,DET,COL,,,,,,,,,,,,,,0,0,0,NRFI
backfill,2026-03-23,LAA,LAD,,,,,,,,,,,,,,4,0,4,YRFI
backfill,2026-03-23,CLE,AZ,,,,,,,,,,,,,,2,0,2,YRFI
backfill,2026-03-23,562,SF,,,,,,,,,,,,,,0,0,0,NRFI
backfill,2026-03-22,STL,HOU,,,,,,,,,,,,,,0,0,0,NRFI
backfill,2026-03-22,BOS,PIT,,,,,,,,,,,,,,1,0,1,YRFI
backfill,2026-03-22,ATL,MIN,,,,,,,,,,,,,,3,0,3,YRFI
backfill,2026-03-22,PHI,NYY,,,,,,,,,,,,,,0,0,0,NRFI
backfill,2026-03-22,TB,TOR,,,,,,,,,,,,,,0,6,6,YRFI
backfill,2026-03-22,NYM,MIA,,,,,,,,,,,,,,0,0,0,NRFI
backfill,2026-03-22,WSH,BAL,,,,,,,,,,,,,,0,0,0,NRFI
backfill,2026-03-22,CIN,CLE,,,,,,,,,,,,,,0,3,3,YRFI
backfill,2026-03-22,MIL,CHC,,,,,,,,,,,,,,0,0,0,NRFI
backfill,2026-03-22,ATH,COL,,,,,,,,,,,,,,2,0,2,YRFI
backfill,2026-03-22,SF,105,,,,,,,,,,,,,,0,0,0,NRFI
backfill,2026-03-22,SEA,CWS,,,,,,,,,,,,,,0,0,0,NRFI
backfill,2026-03-22,LAD,LAA,,,,,,,,,,,,,,0,0,0,NRFI
backfill,2026-03-22,AZ,SD,,,,,,,,,,,,,,0,0,0,NRFI
backfill,2026-03-21,NYM,WSH,,,,,,,,,,,,,,0,0,0,NRFI
backfill,2026-03-21,TOR,PIT,,,,,,,,,,,,,,0,0,0,NRFI
backfill,2026-03-21,MIN,TB,,,,,,,,,,,,,,0,0,0,NRFI
backfill,2026-03-21,PHI,BAL,,,,,,,,,,,,,,1,1,2,YRFI
backfill,2026-03-21,ATL,BOS,,,,,,,,,,,,,,0,0,0,NRFI
backfill,2026-03-21,MIA,STL,,,,,,,,,,,,,,0,4,4,YRFI
backfill,2026-03-21,NYY,DET,,,,,,,,,,,,,,0,0,0,NRFI
backfill,2026-03-21,HOU,NYM,,,,,,,,,,,,,,0,0,0,NRFI
backfill,2026-03-21,ATH,LAD,,,,,,,,,,,,,,0,0,0,NRFI
backfill,2026-03-21,COL,KC,,,,,,,,,,,,,,0,0,0,NRFI
backfill,2026-03-21,CLE,SF,,,,,,,,,,,,,,0,0,0,NRFI
backfill,2026-03-21,TEX,AZ,,,,,,,,,,,,,,0,0,0,NRFI
backfill,2026-03-21,SD,MIL,,,,,,,,,,,,,,0,0,0,NRFI
backfill,2026-03-21,CWS,CIN,,,,,,,,,,,,,,0,1,1,YRFI
backfill,2026-03-21,CHC,SEA,,,,,,,,,,,,,,1,0,1,YRFI
backfill,2026-03-20,BOS,TB,,,,,,,,,,,,,,0,1,1,YRFI
backfill,2026-03-20,TOR,MIN,,,,,,,,,,,,,,0,0,0,NRFI
backfill,2026-03-20,DET,PHI,,,,,,,,,,,,,,0,0,0,NRFI
backfill,2026-03-20,STL,NYM,,,,,,,,,,,,,,1,0,1,YRFI
backfill,2026-03-20,CWS,LAA,,,,,,,,,,,,,,0,4,4,YRFI
backfill,2026-03-20,PIT,ATL,,,,,,,,,,,,,,0,0,0,NRFI
backfill,2026-03-20,MIA,HOU,,,,,,,,,,,,,,0,0,0,NRFI
backfill,2026-03-20,BAL,NYY,,,,,,,,,,,,,,0,0,0,NRFI
backfill,2026-03-20,WSH,MIA,,,,,,,,,,,,,,0,1,1,YRFI
backfill,2026-03-20,KC,SF,,,,,,,,,,,,,,2,0,2,YRFI
backfill,2026-03-20,CIN,CHC,,,,,,,,,,,,,,0,0,0,NRFI
backfill,2026-03-20,SD,LAD,,,,,,,,,,,,,,0,0,0,NRFI
backfill,2026-03-20,SEA,CLE,,,,,,,,,,,,,,0,2,2,YRFI
backfill,2026-03-20,SF,TEX,,,,,,,,,,,,,,0,0,0,NRFI
backfill,2026-03-20,CHC,ATH,,,,,,,,,,,,,,1,0,1,YRFI
backfill,2026-03-20,COL,SD,,,,,,,,,,,,,,0,0,0,NRFI
backfill,2026-03-20,MIL,AZ,,,,,,,,,,,,,,2,0,2,YRFI
