section,date,away,home,status,conviction_pct,away_sp_name,home_sp_name,away_sp_factor,home_sp_factor,f5_away_proj,f5_home_proj,f5_total_proj,f5_pick,f5_win_prob,model_prob,fair_odds_dec,kelly_pct,kelly_advice,status_reason,f5_away,f5_home,f5_total,f5_winner
projection,2026-05-07,TEX,NYY,PASS,53.6,,,,,2.11,2.54,4.65,NYY,0.55,0.536,1.818,2.75,1u,Market gated off (Brier 0.2472),,,,
projection,2026-05-07,MIN,WSH,PASS,50.6,,,,,2.78,2.85,5.63,WSH,0.508,0.5058,1.969,0.0,PASS,Market gated off (Brier 0.2472),,,,
projection,2026-05-07,CLE,KC,PASS,52.5,,,,,2.22,2.52,4.74,KC,0.535,0.5252,1.869,1.17,0.5u,Market gated off (Brier 0.2472),,,,
projection,2026-05-07,CIN,CHC,PASS,53.2,,,,,2.06,2.44,4.49,CHC,0.545,0.5324,1.835,2.22,1u,Market gated off (Brier 0.2472),,,,
projection,2026-05-07,NYM,COL,PASS,51.7,,,,,3.07,2.86,5.93,NYM,0.524,0.5173,1.908,0.02,PASS,Market gated off (Brier 0.2472),,,,
projection,2026-05-07,PIT,AZ,PASS,54.7,,,,,2.65,2.1,4.74,PIT,0.565,0.5468,1.77,4.32,2u,Market gated off (Brier 0.2472),,,,
projection,2026-05-07,ATH,PHI,PASS,51.8,,,,,2.54,2.32,4.86,ATH,0.525,0.518,1.905,0.12,PASS,Market gated off (Brier 0.2472),,,,
projection,2026-05-07,BAL,MIA,PASS,52.8,,,,,2.2,2.53,4.73,MIA,0.539,0.5281,1.855,1.59,1u,Market gated off (Brier 0.2472),,,,
projection,2026-05-07,TB,BOS,PASS,50.4,,,,,2.48,2.53,5.01,BOS,0.506,0.5043,1.976,0.0,PASS,Market gated off (Brier 0.2472),,,,
projection,2026-05-07,STL,SD,PASS,51.8,,,,,2.24,2.45,4.68,SD,0.525,0.518,1.905,0.12,PASS,Market gated off (Brier 0.2472),,,,
backfill,2026-05-06,TOR,TB,,,,,,,,,,,,,,,,,0,2,2,TB
backfill,2026-05-06,MIL,STL,,,,,,,,,,,,,,,,,5,0,5,MIL
backfill,2026-05-06,LAD,HOU,,,,,,,,,,,,,,,,,10,1,11,LAD
backfill,2026-05-06,SD,SF,,,,,,,,,,,,,,,,,1,1,2,PUSH
backfill,2026-05-06,CWS,LAA,,,,,,,,,,,,,,,,,1,7,8,LAA
backfill,2026-05-06,ATL,SEA,,,,,,,,,,,,,,,,,0,1,1,SEA
backfill,2026-05-06,BOS,DET,,,,,,,,,,,,,,,,,4,0,4,BOS
backfill,2026-05-06,ATH,PHI,,,,,,,,,,,,,,,,,2,1,3,ATH
backfill,2026-05-06,BAL,MIA,,,,,,,,,,,,,,,,,5,3,8,BAL
backfill,2026-05-06,MIN,WSH,,,,,,,,,,,,,,,,,2,3,5,WSH
backfill,2026-05-06,TEX,NYY,,,,,,,,,,,,,,,,,6,0,6,TEX
backfill,2026-05-06,CIN,CHC,,,,,,,,,,,,,,,,,2,4,6,CHC
backfill,2026-05-06,CLE,KC,,,,,,,,,,,,,,,,,2,1,3,CLE
backfill,2026-05-06,NYM,COL,,,,,,,,,,,,,,,,,4,0,4,NYM
backfill,2026-05-06,PIT,AZ,,,,,,,,,,,,,,,,,1,0,1,PIT
backfill,2026-05-05,BOS,DET,,,,,,,,,,,,,,,,,10,3,13,BOS
backfill,2026-05-05,TOR,TB,,,,,,,,,,,,,,,,,3,2,5,TOR
backfill,2026-05-05,ATH,PHI,,,,,,,,,,,,,,,,,0,1,1,PHI
backfill,2026-05-05,BAL,MIA,,,,,,,,,,,,,,,,,7,4,11,BAL
backfill,2026-05-05,MIN,WSH,,,,,,,,,,,,,,,,,6,2,8,MIN
backfill,2026-05-05,TEX,NYY,,,,,,,,,,,,,,,,,3,3,6,PUSH
backfill,2026-05-05,CIN,CHC,,,,,,,,,,,,,,,,,1,0,1,CIN
backfill,2026-05-05,CLE,KC,,,,,,,,,,,,,,,,,3,4,7,KC
backfill,2026-05-05,LAD,HOU,,,,,,,,,,,,,,,,,0,2,2,HOU
backfill,2026-05-05,CWS,LAA,,,,,,,,,,,,,,,,,2,4,6,LAA
backfill,2026-05-05,PIT,AZ,,,,,,,,,,,,,,,,,0,2,2,AZ
backfill,2026-05-05,ATL,SEA,,,,,,,,,,,,,,,,,2,2,4,PUSH
backfill,2026-05-05,SD,SF,,,,,,,,,,,,,,,,,7,4,11,SD
backfill,2026-05-04,NYM,COL,,,,,,,,,,,,,,,,,0,0,0,PUSH
backfill,2026-05-04,BOS,DET,,,,,,,,,,,,,,,,,0,0,0,PUSH
backfill,2026-05-04,TOR,TB,,,,,,,,,,,,,,,,,1,3,4,TB
backfill,2026-05-04,PHI,MIA,,,,,,,,,,,,,,,,,1,0,1,PHI
backfill,2026-05-04,BAL,NYY,,,,,,,,,,,,,,,,,0,3,3,NYY
backfill,2026-05-04,CIN,CHC,,,,,,,,,,,,,,,,,3,3,6,PUSH
backfill,2026-05-04,CLE,KC,,,,,,,,,,,,,,,,,2,4,6,KC
backfill,2026-05-04,MIL,STL,,,,,,,,,,,,,,,,,0,4,4,STL
backfill,2026-05-04,LAD,HOU,,,,,,,,,,,,,,,,,8,3,11,LAD
backfill,2026-05-04,CWS,LAA,,,,,,,,,,,,,,,,,5,0,5,CWS
backfill,2026-05-04,ATL,SEA,,,,,,,,,,,,,,,,,1,0,1,ATL
backfill,2026-05-04,SD,SF,,,,,,,,,,,,,,,,,1,2,3,SF
backfill,2026-05-03,TOR,MIN,,,,,,,,,,,,,,,,,0,4,4,MIN
backfill,2026-05-03,HOU,BOS,,,,,,,,,,,,,,,,,0,1,1,BOS
backfill,2026-05-03,CIN,PIT,,,,,,,,,,,,,,,,,0,0,0,PUSH
backfill,2026-05-03,BAL,NYY,,,,,,,,,,,,,,,,,3,3,6,PUSH
backfill,2026-05-03,MIL,WSH,,,,,,,,,,,,,,,,,1,2,3,WSH
backfill,2026-05-03,SF,TB,,,,,,,,,,,,,,,,,1,0,1,SF
backfill,2026-05-03,PHI,MIA,,,,,,,,,,,,,,,,,7,0,7,PHI
backfill,2026-05-03,LAD,STL,,,,,,,,,,,,,,,,,3,0,3,LAD
backfill,2026-05-03,AZ,CHC,,,,,,,,,,,,,,,,,2,6,8,CHC
backfill,2026-05-03,ATL,COL,,,,,,,,,,,,,,,,,6,5,11,ATL
backfill,2026-05-03,CLE,ATH,,,,,,,,,,,,,,,,,1,4,5,ATH
backfill,2026-05-03,NYM,LAA,,,,,,,,,,,,,,,,,2,1,3,NYM
backfill,2026-05-03,KC,SEA,,,,,,,,,,,,,,,,,3,1,4,KC
backfill,2026-05-03,CWS,SD,,,,,,,,,,,,,,,,,1,3,4,SD
backfill,2026-05-03,TEX,DET,,,,,,,,,,,,,,,,,0,2,2,DET
backfill,2026-05-02,BAL,NYY,,,,,,,,,,,,,,,,,1,6,7,NYY
backfill,2026-05-02,TOR,MIN,,,,,,,,,,,,,,,,,2,4,6,MIN
backfill,2026-05-02,AZ,CHC,,,,,,,,,,,,,,,,,0,1,1,CHC
backfill,2026-05-02,CLE,ATH,,,,,,,,,,,,,,,,,5,4,9,CLE
backfill,2026-05-02,CIN,PIT,,,,,,,,,,,,,,,,,4,15,19,PIT
backfill,2026-05-02,MIL,WSH,,,,,,,,,,,,,,,,,3,1,4,MIL
backfill,2026-05-02,HOU,BOS,,,,,,,,,,,,,,,,,6,1,7,HOU
backfill,2026-05-02,PHI,MIA,,,,,,,,,,,,,,,,,0,3,3,MIA
backfill,2026-05-02,SF,TB,,,,,,,,,,,,,,,,,0,4,4,TB
backfill,2026-05-02,LAD,STL,,,,,,,,,,,,,,,,,0,3,3,STL
backfill,2026-05-02,TEX,DET,,,,,,,,,,,,,,,,,1,5,6,DET
backfill,2026-05-02,ATL,COL,,,,,,,,,,,,,,,,,8,1,9,ATL
backfill,2026-05-02,CWS,SD,,,,,,,,,,,,,,,,,0,0,0,PUSH
backfill,2026-05-02,NYM,LAA,,,,,,,,,,,,,,,,,1,3,4,LAA
backfill,2026-05-02,KC,SEA,,,,,,,,,,,,,,,,,1,2,3,SEA
backfill,2026-05-01,AZ,CHC,,,,,,,,,,,,,,,,,1,6,7,CHC
backfill,2026-05-01,TEX,DET,,,,,,,,,,,,,,,,,4,4,8,PUSH
backfill,2026-05-01,CIN,PIT,,,,,,,,,,,,,,,,,0,8,8,PIT
backfill,2026-05-01,MIL,WSH,,,,,,,,,,,,,,,,,4,0,4,MIL
backfill,2026-05-01,BAL,NYY,,,,,,,,,,,,,,,,,1,5,6,NYY
backfill,2026-05-01,HOU,BOS,,,,,,,,,,,,,,,,,1,3,4,BOS
backfill,2026-05-01,SF,TB,,,,,,,,,,,,,,,,,0,2,2,TB
backfill,2026-05-01,PHI,MIA,,,,,,,,,,,,,,,,,2,1,3,PHI
backfill,2026-05-01,TOR,MIN,,,,,,,,,,,,,,,,,6,2,8,TOR
backfill,2026-05-01,LAD,STL,,,,,,,,,,,,,,,,,1,4,5,STL
backfill,2026-05-01,ATL,COL,,,,,,,,,,,,,,,,,1,6,7,COL
backfill,2026-05-01,NYM,LAA,,,,,,,,,,,,,,,,,0,3,3,LAA
backfill,2026-05-01,CLE,ATH,,,,,,,,,,,,,,,,,5,4,9,CLE
backfill,2026-05-01,CWS,SD,,,,,,,,,,,,,,,,,7,0,7,CWS
backfill,2026-05-01,KC,SEA,,,,,,,,,,,,,,,,,4,3,7,KC
backfill,2026-04-30,DET,ATL,,,,,,,,,,,,,,,,,0,2,2,ATL
backfill,2026-04-30,HOU,BAL,,,,,,,,,,,,,,,,,0,5,5,BAL
backfill,2026-04-30,HOU,BAL,,,,,,,,,,,,,,,,,11,3,14,HOU
backfill,2026-04-30,STL,PIT,,,,,,,,,,,,,,,,,5,3,8,STL
backfill,2026-04-30,SF,PHI,,,,,,,,,,,,,,,,,2,1,3,SF
backfill,2026-04-30,SF,PHI,,,,,,,,,,,,,,,,,2,4,6,PHI
backfill,2026-04-30,COL,CIN,,,,,,,,,,,,,,,,,2,3,5,CIN
backfill,2026-04-30,WSH,NYM,,,,,,,,,,,,,,,,,3,3,6,PUSH
backfill,2026-04-30,AZ,MIL,,,,,,,,,,,,,,,,,1,8,9,MIL
backfill,2026-04-30,KC,ATH,,,,,,,,,,,,,,,,,2,5,7,ATH
backfill,2026-04-30,TOR,MIN,,,,,,,,,,,,,,,,,1,2,3,MIN
backfill,2026-04-29,TB,CLE,,,,,,,,,,,,,,,,,0,3,3,CLE
backfill,2026-04-29,LAA,CWS,,,,,,,,,,,,,,,,,1,1,2,PUSH
backfill,2026-04-29,SEA,MIN,,,,,,,,,,,,,,,,,1,2,3,MIN
backfill,2026-04-29,NYY,TEX,,,,,,,,,,,,,,,,,0,2,2,TEX
backfill,2026-04-29,BOS,TOR,,,,,,,,,,,,,,,,,1,7,8,TOR
backfill,2026-04-29,MIA,LAD,,,,,,,,,,,,,,,,,2,1,3,MIA
backfill,2026-04-29,CHC,SD,,,,,,,,,,,,,,,,,3,3,6,PUSH
backfill,2026-04-29,COL,CIN,,,,,,,,,,,,,,,,,5,0,5,COL
backfill,2026-04-29,STL,PIT,,,,,,,,,,,,,,,,,3,1,4,STL
backfill,2026-04-29,WSH,NYM,,,,,,,,,,,,,,,,,9,2,11,WSH
backfill,2026-04-29,DET,ATL,,,,,,,,,,,,,,,,,3,2,5,DET
backfill,2026-04-29,AZ,MIL,,,,,,,,,,,,,,,,,4,2,6,AZ
backfill,2026-04-29,KC,ATH,,,,,,,,,,,,,,,,,1,4,5,ATH
backfill,2026-04-28,TB,CLE,,,,,,,,,,,,,,,,,1,0,1,TB
backfill,2026-04-28,HOU,BAL,,,,,,,,,,,,,,,,,1,4,5,BAL
backfill,2026-04-28,COL,CIN,,,,,,,,,,,,,,,,,2,4,6,CIN
backfill,2026-04-28,STL,PIT,,,,,,,,,,,,,,,,,6,0,6,STL
backfill,2026-04-28,SF,PHI,,,,,,,,,,,,,,,,,0,1,1,PHI
backfill,2026-04-28,BOS,TOR,,,,,,,,,,,,,,,,,0,3,3,TOR
backfill,2026-04-28,WSH,NYM,,,,,,,,,,,,,,,,,0,8,8,NYM
backfill,2026-04-28,DET,ATL,,,,,,,,,,,,,,,,,0,2,2,ATL
backfill,2026-04-28,SEA,MIN,,,,,,,,,,,,,,,,,0,1,1,MIN
backfill,2026-04-28,LAA,CWS,,,,,,,,,,,,,,,,,1,3,4,CWS
backfill,2026-04-28,AZ,MIL,,,,,,,,,,,,,,,,,2,5,7,MIL
backfill,2026-04-28,NYY,TEX,,,,,,,,,,,,,,,,,1,0,1,NYY
backfill,2026-04-28,KC,ATH,,,,,,,,,,,,,,,,,0,1,1,ATH
backfill,2026-04-28,CHC,SD,,,,,,,,,,,,,,,,,2,2,4,PUSH
backfill,2026-04-28,MIA,LAD,,,,,,,,,,,,,,,,,2,0,2,MIA
backfill,2026-04-27,TB,CLE,,,,,,,,,,,,,,,,,0,2,2,CLE
backfill,2026-04-27,STL,PIT,,,,,,,,,,,,,,,,,0,2,2,PIT
backfill,2026-04-27,BOS,TOR,,,,,,,,,,,,,,,,,3,0,3,BOS
backfill,2026-04-27,SEA,MIN,,,,,,,,,,,,,,,,,2,7,9,MIN
backfill,2026-04-27,LAA,CWS,,,,,,,,,,,,,,,,,4,1,5,LAA
backfill,2026-04-27,NYY,TEX,,,,,,,,,,,,,,,,,4,0,4,NYY
backfill,2026-04-27,CHC,SD,,,,,,,,,,,,,,,,,5,6,11,SD
backfill,2026-04-27,MIA,LAD,,,,,,,,,,,,,,,,,4,2,6,MIA
backfill,2026-04-26,BOS,BAL,,,,,,,,,,,,,,,,,3,1,4,BOS
backfill,2026-04-26,PHI,ATL,,,,,,,,,,,,,,,,,0,6,6,ATL
backfill,2026-04-26,CLE,TOR,,,,,,,,,,,,,,,,,2,2,4,PUSH
backfill,2026-04-26,DET,CIN,,,,,,,,,,,,,,,,,2,3,5,CIN
backfill,2026-04-26,COL,NYM,,,,,,,,,,,,,,,,,1,1,2,PUSH
backfill,2026-04-26,COL,NYM,,,,,,,,,,,,,,,,,3,0,3,COL
backfill,2026-04-26,MIN,TB,,,,,,,,,,,,,,,,,0,4,4,TB
backfill,2026-04-26,WSH,CWS,,,,,,,,,,,,,,,,,0,0,0,PUSH
backfill,2026-04-26,NYY,HOU,,,,,,,,,,,,,,,,,0,7,7,HOU
backfill,2026-04-26,PIT,MIL,,,,,,,,,,,,,,,,,0,5,5,MIL
backfill,2026-04-26,SEA,STL,,,,,,,,,,,,,,,,,1,1,2,PUSH
backfill,2026-04-26,ATH,TEX,,,,,,,,,,,,,,,,,2,0,2,ATH
backfill,2026-04-26,SD,AZ,,,,,,,,,,,,,,,,,6,1,7,SD
backfill,2026-04-26,MIA,SF,,,,,,,,,,,,,,,,,3,1,4,MIA
backfill,2026-04-26,LAA,KC,,,,,,,,,,,,,,,,,6,1,7,LAA
backfill,2026-04-26,CHC,LAD,,,,,,,,,,,,,,,,,0,3,3,LAD
backfill,2026-04-25,BOS,BAL,,,,,,,,,,,,,,,,,7,0,7,BOS
backfill,2026-04-25,SEA,STL,,,,,,,,,,,,,,,,,6,7,13,STL
backfill,2026-04-25,CLE,TOR,,,,,,,,,,,,,,,,,1,1,2,PUSH
backfill,2026-04-25,MIA,SF,,,,,,,,,,,,,,,,,1,1,2,PUSH
backfill,2026-04-25,MIN,TB,,,,,,,,,,,,,,,,,0,2,2,TB
backfill,2026-04-25,WSH,CWS,,,,,,,,,,,,,,,,,2,0,2,WSH
backfill,2026-04-25,SD,AZ,,,,,,,,,,,,,,,,,1,4,5,AZ
backfill,2026-04-25,ATH,TEX,,,,,,,,,,,,,,,,,3,2,5,ATH
backfill,2026-04-25,LAA,KC,,,,,,,,,,,,,,,,,1,4,5,KC
backfill,2026-04-25,NYY,HOU,,,,,,,,,,,,,,,,,2,1,3,NYY
backfill,2026-04-25,PIT,MIL,,,,,,,,,,,,,,,,,2,2,4,PUSH
backfill,2026-04-25,DET,CIN,,,,,,,,,,,,,,,,,2,6,8,CIN
backfill,2026-04-25,CHC,LAD,,,,,,,,,,,,,,,,,4,8,12,LAD
backfill,2026-04-25,PHI,ATL,,,,,,,,,,,,,,,,,3,2,5,PHI
backfill,2026-04-24,DET,CIN,,,,,,,,,,,,,,,,,5,2,7,DET
backfill,2026-04-24,BOS,BAL,,,,,,,,,,,,,,,,,2,9,11,BAL
backfill,2026-04-24,CLE,TOR,,,,,,,,,,,,,,,,,7,4,11,CLE
backfill,2026-04-24,COL,NYM,,,,,,,,,,,,,,,,,1,1,2,PUSH
backfill,2026-04-24,MIN,TB,,,,,,,,,,,,,,,,,1,3,4,TB
backfill,2026-04-24,PHI,ATL,,,,,,,,,,,,,,,,,3,2,5,PHI
backfill,2026-04-24,LAA,KC,,,,,,,,,,,,,,,,,0,5,5,KC
backfill,2026-04-24,WSH,CWS,,,,,,,,,,,,,,,,,3,1,4,WSH
backfill,2026-04-24,PIT,MIL,,,,,,,,,,,,,,,,,3,0,3,PIT
backfill,2026-04-24,ATH,TEX,,,,,,,,,,,,,,,,,6,1,7,ATH
backfill,2026-04-24,NYY,HOU,,,,,,,,,,,,,,,,,5,2,7,NYY
backfill,2026-04-24,SEA,STL,,,,,,,,,,,,,,,,,2,2,4,PUSH
backfill,2026-04-24,CHC,LAD,,,,,,,,,,,,,,,,,0,4,4,LAD
backfill,2026-04-24,MIA,SF,,,,,,,,,,,,,,,,,8,3,11,MIA
backfill,2026-04-23,ATL,WSH,,,,,,,,,,,,,,,,,2,2,4,PUSH
backfill,2026-04-23,MIL,DET,,,,,,,,,,,,,,,,,1,2,3,DET
backfill,2026-04-23,PHI,CHC,,,,,,,,,,,,,,,,,2,5,7,CHC
backfill,2026-04-23,SD,COL,,,,,,,,,,,,,,,,,4,6,10,COL
backfill,2026-04-23,CWS,AZ,,,,,,,,,,,,,,,,,1,1,2,PUSH
backfill,2026-04-23,LAD,SF,,,,,,,,,,,,,,,,,3,0,3,LAD
backfill,2026-04-23,NYY,BOS,,,,,,,,,,,,,,,,,1,2,3,BOS
backfill,2026-04-23,MIN,NYM,,,,,,,,,,,,,,,,,2,7,9,NYM
backfill,2026-04-23,PIT,TEX,,,,,,,,,,,,,,,,,1,6,7,TEX
backfill,2026-04-22,STL,MIA,,,,,,,,,,,,,,,,,0,4,4,MIA
backfill,2026-04-22,HOU,CLE,,,,,,,,,,,,,,,,,2,0,2,HOU
backfill,2026-04-22,CIN,TB,,,,,,,,,,,,,,,,,1,5,6,TB
backfill,2026-04-22,BAL,KC,,,,,,,,,,,,,,,,,2,3,5,KC
backfill,2026-04-22,TOR,LAA,,,,,,,,,,,,,,,,,0,3,3,LAA
backfill,2026-04-22,ATH,SEA,,,,,,,,,,,,,,,,,3,2,5,ATH
backfill,2026-04-22,MIL,DET,,,,,,,,,,,,,,,,,1,4,5,DET
backfill,2026-04-22,ATL,WSH,,,,,,,,,,,,,,,,,8,4,12,ATL
backfill,2026-04-22,NYY,BOS,,,,,,,,,,,,,,,,,4,0,4,NYY
backfill,2026-04-22,MIN,NYM,,,,,,,,,,,,,,,,,1,2,3,NYM
backfill,2026-04-22,PHI,CHC,,,,,,,,,,,,,,,,,2,6,8,CHC
backfill,2026-04-22,PIT,TEX,,,,,,,,,,,,,,,,,4,2,6,PIT
backfill,2026-04-22,SD,COL,,,,,,,,,,,,,,,,,1,5,6,COL
backfill,2026-04-22,CWS,AZ,,,,,,,,,,,,,,,,,4,8,12,AZ
backfill,2026-04-22,LAD,SF,,,,,,,,,,,,,,,,,0,0,0,PUSH
backfill,2026-04-21,HOU,CLE,,,,,,,,,,,,,,,,,3,2,5,HOU
backfill,2026-04-21,CIN,TB,,,,,,,,,,,,,,,,,5,0,5,CIN
backfill,2026-04-21,STL,MIA,,,,,,,,,,,,,,,,,5,1,6,STL
backfill,2026-04-21,MIL,DET,,,,,,,,,,,,,,,,,3,1,4,MIL
backfill,2026-04-21,ATL,WSH,,,,,,,,,,,,,,,,,3,5,8,WSH
backfill,2026-04-21,NYY,BOS,,,,,,,,,,,,,,,,,1,0,1,NYY
backfill,2026-04-21,MIN,NYM,,,,,,,,,,,,,,,,,0,3,3,NYM
backfill,2026-04-21,BAL,KC,,,,,,,,,,,,,,,,,3,3,6,PUSH
backfill,2026-04-21,PHI,CHC,,,,,,,,,,,,,,,,,0,1,1,CHC
backfill,2026-04-21,PIT,TEX,,,,,,,,,,,,,,,,,1,5,6,TEX
backfill,2026-04-21,SD,COL,,,,,,,,,,,,,,,,,0,0,0,PUSH
backfill,2026-04-21,TOR,LAA,,,,,,,,,,,,,,,,,0,1,1,LAA
backfill,2026-04-21,ATH,SEA,,,,,,,,,,,,,,,,,2,2,4,PUSH
backfill,2026-04-21,CWS,AZ,,,,,,,,,,,,,,,,,8,2,10,CWS
backfill,2026-04-21,LAD,SF,,,,,,,,,,,,,,,,,1,3,4,SF
backfill,2026-04-20,DET,BOS,,,,,,,,,,,,,,,,,2,2,4,PUSH
backfill,2026-04-20,HOU,CLE,,,,,,,,,,,,,,,,,7,2,9,HOU
backfill,2026-04-20,CIN,TB,,,,,,,,,,,,,,,,,3,1,4,CIN
backfill,2026-04-20,STL,MIA,,,,,,,,,,,,,,,,,1,2,3,MIA
backfill,2026-04-20,ATL,WSH,,,,,,,,,,,,,,,,,2,3,5,WSH
backfill,2026-04-20,BAL,KC,,,,,,,,,,,,,,,,,0,1,1,KC
backfill,2026-04-20,PHI,CHC,,,,,,,,,,,,,,,,,1,5,6,CHC
backfill,2026-04-20,LAD,COL,,,,,,,,,,,,,,,,,5,1,6,LAD
backfill,2026-04-20,TOR,LAA,,,,,,,,,,,,,,,,,2,2,4,PUSH
backfill,2026-04-20,ATH,SEA,,,,,,,,,,,,,,,,,1,3,4,SEA
backfill,2026-04-19,SF,WSH,,,,,,,,,,,,,,,,,0,3,3,WSH
backfill,2026-04-19,TB,PIT,,,,,,,,,,,,,,,,,2,4,6,PIT
backfill,2026-04-19,KC,NYY,,,,,,,,,,,,,,,,,0,7,7,NYY
backfill,2026-04-19,BAL,CLE,,,,,,,,,,,,,,,,,4,6,10,CLE
backfill,2026-04-19,MIL,MIA,,,,,,,,,,,,,,,,,0,3,3,MIA
backfill,2026-04-19,STL,HOU,,,,,,,,,,,,,,,,,4,1,5,STL
backfill,2026-04-19,CIN,MIN,,,,,,,,,,,,,,,,,1,3,4,MIN
backfill,2026-04-19,NYM,CHC,,,,,,,,,,,,,,,,,1,0,1,NYM
backfill,2026-04-19,LAD,COL,,,,,,,,,,,,,,,,,3,3,6,PUSH
backfill,2026-04-19,CWS,ATH,,,,,,,,,,,,,,,,,7,1,8,CWS
backfill,2026-04-19,SD,LAA,,,,,,,,,,,,,,,,,1,0,1,SD
backfill,2026-04-19,TEX,SEA,,,,,,,,,,,,,,,,,0,5,5,SEA
backfill,2026-04-19,TOR,AZ,,,,,,,,,,,,,,,,,10,1,11,TOR
backfill,2026-04-19,DET,BOS,,,,,,,,,,,,,,,,,5,1,6,DET
backfill,2026-04-19,ATL,PHI,,,,,,,,,,,,,,,,,4,2,6,ATL
backfill,2026-04-18,KC,NYY,,,,,,,,,,,,,,,,,0,7,7,NYY
backfill,2026-04-18,CIN,MIN,,,,,,,,,,,,,,,,,2,4,6,MIN
backfill,2026-04-18,NYM,CHC,,,,,,,,,,,,,,,,,1,1,2,PUSH
backfill,2026-04-18,TB,PIT,,,,,,,,,,,,,,,,,5,4,9,TB
backfill,2026-04-18,SF,WSH,,,,,,,,,,,,,,,,,3,5,8,WSH
backfill,2026-04-18,CWS,ATH,,,,,,,,,,,,,,,,,5,3,8,CWS
backfill,2026-04-18,DET,BOS,,,,,,,,,,,,,,,,,4,1,5,DET
backfill,2026-04-18,MIL,MIA,,,,,,,,,,,,,,,,,3,1,4,MIL
backfill,2026-04-18,BAL,CLE,,,,,,,,,,,,,,,,,1,3,4,CLE
backfill,2026-04-18,STL,HOU,,,,,,,,,,,,,,,,,4,1,5,STL
backfill,2026-04-18,TEX,SEA,,,,,,,,,,,,,,,,,0,3,3,SEA
backfill,2026-04-18,ATL,PHI,,,,,,,,,,,,,,,,,3,1,4,ATL
backfill,2026-04-18,LAD,COL,,,,,,,,,,,,,,,,,3,2,5,LAD
backfill,2026-04-18,TOR,AZ,,,,,,,,,,,,,,,,,1,2,3,AZ
backfill,2026-04-18,SD,LAA,,,,,,,,,,,,,,,,,0,0,0,PUSH
backfill,2026-04-17,NYM,CHC,,,,,,,,,,,,,,,,,3,7,10,CHC
backfill,2026-04-17,BAL,CLE,,,,,,,,,,,,,,,,,0,0,0,PUSH
backfill,2026-04-17,ATL,PHI,,,,,,,,,,,,,,,,,7,0,7,ATL
backfill,2026-04-17,SF,WSH,,,,,,,,,,,,,,,,,8,3,11,SF
backfill,2026-04-17,TB,PIT,,,,,,,,,,,,,,,,,0,1,1,PIT
backfill,2026-04-17,KC,NYY,,,,,,,,,,,,,,,,,0,2,2,NYY
backfill,2026-04-17,MIL,MIA,,,,,,,,,,,,,,,,,3,1,4,MIL
backfill,2026-04-17,DET,BOS,,,,,,,,,,,,,,,,,0,0,0,PUSH
backfill,2026-04-17,STL,HOU,,,,,,,,,,,,,,,,,4,3,7,STL
backfill,2026-04-17,CIN,MIN,,,,,,,,,,,,,,,,,2,1,3,CIN
backfill,2026-04-17,LAD,COL,,,,,,,,,,,,,,,,,7,1,8,LAD
backfill,2026-04-17,SD,LAA,,,,,,,,,,,,,,,,,0,8,8,LAA
backfill,2026-04-17,TEX,SEA,,,,,,,,,,,,,,,,,2,0,2,TEX
backfill,2026-04-17,TOR,AZ,,,,,,,,,,,,,,,,,1,3,4,AZ
backfill,2026-04-17,CWS,ATH,,,,,,,,,,,,,,,,,5,1,6,CWS
backfill,2026-04-16,WSH,PIT,,,,,,,,,,,,,,,,,4,4,8,PUSH
backfill,2026-04-16,SF,CIN,,,,,,,,,,,,,,,,,0,0,0,PUSH
backfill,2026-04-16,KC,DET,,,,,,,,,,,,,,,,,1,6,7,DET
backfill,2026-04-16,LAA,NYY,,,,,,,,,,,,,,,,,2,3,5,NYY
backfill,2026-04-16,TOR,MIL,,,,,,,,,,,,,,,,,1,1,2,PUSH
backfill,2026-04-16,TB,CWS,,,,,,,,,,,,,,,,,1,1,2,PUSH
backfill,2026-04-16,TEX,ATH,,,,,,,,,,,,,,,,,2,3,5,ATH
backfill,2026-04-16,BAL,CLE,,,,,,,,,,,,,,,,,0,3,3,CLE
backfill,2026-04-16,COL,HOU,,,,,,,,,,,,,,,,,3,2,5,COL
backfill,2026-04-16,SEA,SD,,,,,,,,,,,,,,,,,0,4,4,SD
backfill,2026-04-15,AZ,BAL,,,,,,,,,,,,,,,,,3,4,7,BAL
backfill,2026-04-15,CLE,STL,,,,,,,,,,,,,,,,,1,1,2,PUSH
backfill,2026-04-15,BOS,MIN,,,,,,,,,,,,,,,,,7,1,8,BOS
backfill,2026-04-15,KC,DET,,,,,,,,,,,,,,,,,1,1,2,PUSH
backfill,2026-04-15,WSH,PIT,,,,,,,,,,,,,,,,,0,2,2,PIT
backfill,2026-04-15,SF,CIN,,,,,,,,,,,,,,,,,2,8,10,CIN
backfill,2026-04-15,CHC,PHI,,,,,,,,,,,,,,,,,5,1,6,CHC
backfill,2026-04-15,LAA,NYY,,,,,,,,,,,,,,,,,4,3,7,LAA
backfill,2026-04-15,MIA,ATL,,,,,,,,,,,,,,,,,0,2,2,ATL
backfill,2026-04-15,TB,CWS,,,,,,,,,,,,,,,,,3,0,3,TB
backfill,2026-04-15,TOR,MIL,,,,,,,,,,,,,,,,,1,0,1,TOR
backfill,2026-04-15,COL,HOU,,,,,,,,,,,,,,,,,1,3,4,HOU
backfill,2026-04-15,SEA,SD,,,,,,,,,,,,,,,,,6,0,6,SEA
backfill,2026-04-15,TEX,ATH,,,,,,,,,,,,,,,,,2,2,4,PUSH
backfill,2026-04-15,NYM,LAD,,,,,,,,,,,,,,,,,1,2,3,LAD
backfill,2026-04-14,AZ,BAL,,,,,,,,,,,,,,,,,4,2,6,AZ
backfill,2026-04-14,KC,DET,,,,,,,,,,,,,,,,,1,0,1,KC
backfill,2026-04-14,WSH,PIT,,,,,,,,,,,,,,,,,5,4,9,WSH
backfill,2026-04-14,SF,CIN,,,,,,,,,,,,,,,,,1,2,3,CIN
backfill,2026-04-14,CHC,PHI,,,,,,,,,,,,,,,,,3,3,6,PUSH
backfill,2026-04-14,LAA,NYY,,,,,,,,,,,,,,,,,4,0,4,LAA
backfill,2026-04-14,MIA,ATL,,,,,,,,,,,,,,,,,4,3,7,MIA
backfill,2026-04-14,BOS,MIN,,,,,,,,,,,,,,,,,0,5,5,MIN
backfill,2026-04-14,TB,CWS,,,,,,,,,,,,,,,,,4,3,7,TB
backfill,2026-04-14,TOR,MIL,,,,,,,,,,,,,,,,,1,3,4,MIL
backfill,2026-04-14,CLE,STL,,,,,,,,,,,,,,,,,2,2,4,PUSH
backfill,2026-04-14,COL,HOU,,,,,,,,,,,,,,,,,5,7,12,HOU
backfill,2026-04-14,SEA,SD,,,,,,,,,,,,,,,,,1,3,4,SD
backfill,2026-04-14,TEX,ATH,,,,,,,,,,,,,,,,,1,2,3,ATH
backfill,2026-04-14,NYM,LAD,,,,,,,,,,,,,,,,,1,1,2,PUSH
backfill,2026-04-13,HOU,SEA,,,,,,,,,,,,,,,,,2,6,8,SEA
backfill,2026-04-13,AZ,BAL,,,,,,,,,,,,,,,,,4,1,5,AZ
backfill,2026-04-13,WSH,PIT,,,,,,,,,,,,,,,,,1,5,6,PIT
backfill,2026-04-13,CHC,PHI,,,,,,,,,,,,,,,,,2,9,11,PHI
backfill,2026-04-13,LAA,NYY,,,,,,,,,,,,,,,,,4,7,11,NYY
backfill,2026-04-13,MIA,ATL,,,,,,,,,,,,,,,,,6,4,10,MIA
backfill,2026-04-13,BOS,MIN,,,,,,,,,,,,,,,,,3,13,16,MIN
backfill,2026-04-13,CLE,STL,,,,,,,,,,,,,,,,,4,1,5,CLE
backfill,2026-04-13,TEX,ATH,,,,,,,,,,,,,,,,,4,0,4,TEX
backfill,2026-04-13,NYM,LAD,,,,,,,,,,,,,,,,,0,4,4,LAD
backfill,2026-04-12,SF,BAL,,,,,,,,,,,,,,,,,1,4,5,BAL
backfill,2026-04-12,AZ,PHI,,,,,,,,,,,,,,,,,1,0,1,AZ
backfill,2026-04-12,MIN,TOR,,,,,,,,,,,,,,,,,8,1,9,MIN
backfill,2026-04-12,LAA,CIN,,,,,,,,,,,,,,,,,7,0,7,LAA
backfill,2026-04-12,ATH,NYM,,,,,,,,,,,,,,,,,1,0,1,ATH
backfill,2026-04-12,MIA,DET,,,,,,,,,,,,,,,,,0,4,4,DET
backfill,2026-04-12,NYY,TB,,,,,,,,,,,,,,,,,0,3,3,TB
backfill,2026-04-12,CWS,KC,,,,,,,,,,,,,,,,,4,5,9,KC
backfill,2026-04-12,WSH,MIL,,,,,,,,,,,,,,,,,2,3,5,MIL
backfill,2026-04-12,BOS,STL,,,,,,,,,,,,,,,,,7,1,8,BOS
backfill,2026-04-12,PIT,CHC,,,,,,,,,,,,,,,,,6,3,9,PIT
backfill,2026-04-12,COL,SD,,,,,,,,,,,,,,,,,2,4,6,SD
backfill,2026-04-12,HOU,SEA,,,,,,,,,,,,,,,,,1,4,5,SEA
backfill,2026-04-12,TEX,LAD,,,,,,,,,,,,,,,,,2,1,3,TEX
backfill,2026-04-12,CLE,ATL,,,,,,,,,,,,,,,,,0,9,9,ATL
backfill,2026-04-11,AZ,PHI,,,,,,,,,,,,,,,,,2,4,6,PHI
backfill,2026-04-11,MIA,DET,,,,,,,,,,,,,,,,,1,5,6,DET
backfill,2026-04-11,PIT,CHC,,,,,,,,,,,,,,,,,3,1,4,PIT
backfill,2026-04-11,MIN,TOR,,,,,,,,,,,,,,,,,7,2,9,MIN
backfill,2026-04-11,LAA,CIN,,,,,,,,,,,,,,,,,3,5,8,CIN
backfill,2026-04-11,ATH,NYM,,,,,,,,,,,,,,,,,7,3,10,ATH
backfill,2026-04-11,CWS,KC,,,,,,,,,,,,,,,,,0,1,1,KC
backfill,2026-04-11,NYY,TB,,,,,,,,,,,,,,,,,1,1,2,PUSH
backfill,2026-04-11,WSH,MIL,,,,,,,,,,,,,,,,,2,0,2,WSH
backfill,2026-04-11,SF,BAL,,,,,,,,,,,,,,,,,2,4,6,BAL
backfill,2026-04-11,BOS,STL,,,,,,,,,,,,,,,,,2,0,2,BOS
backfill,2026-04-11,CLE,ATL,,,,,,,,,,,,,,,,,1,0,1,CLE
backfill,2026-04-11,COL,SD,,,,,,,,,,,,,,,,,4,6,10,SD
backfill,2026-04-11,TEX,LAD,,,,,,,,,,,,,,,,,1,5,6,LAD
backfill,2026-04-11,HOU,SEA,,,,,,,,,,,,,,,,,7,7,14,PUSH
backfill,2026-04-10,PIT,CHC,,,,,,,,,,,,,,,,,0,0,0,PUSH
backfill,2026-04-10,AZ,PHI,,,,,,,,,,,,,,,,,5,4,9,AZ
backfill,2026-04-10,MIA,DET,,,,,,,,,,,,,,,,,0,2,2,DET
backfill,2026-04-10,LAA,CIN,,,,,,,,,,,,,,,,,4,1,5,LAA
backfill,2026-04-10,MIN,TOR,,,,,,,,,,,,,,,,,4,6,10,TOR
backfill,2026-04-10,ATH,NYM,,,,,,,,,,,,,,,,,1,0,1,ATH
backfill,2026-04-10,NYY,TB,,,,,,,,,,,,,,,,,2,3,5,TB
backfill,2026-04-10,SF,BAL,,,,,,,,,,,,,,,,,3,1,4,SF
backfill,2026-04-10,CLE,ATL,,,,,,,,,,,,,,,,,2,1,3,CLE
backfill,2026-04-10,CWS,KC,,,,,,,,,,,,,,,,,0,1,1,KC
backfill,2026-04-10,WSH,MIL,,,,,,,,,,,,,,,,,2,3,5,MIL
backfill,2026-04-10,BOS,STL,,,,,,,,,,,,,,,,,2,3,5,STL
backfill,2026-04-10,COL,SD,,,,,,,,,,,,,,,,,0,2,2,SD
backfill,2026-04-10,HOU,SEA,,,,,,,,,,,,,,,,,3,5,8,SEA
backfill,2026-04-10,TEX,LAD,,,,,,,,,,,,,,,,,4,3,7,TEX
backfill,2026-04-09,CIN,MIA,,,,,,,,,,,,,,,,,1,4,5,MIA
backfill,2026-04-09,ATH,NYY,,,,,,,,,,,,,,,,,0,0,0,PUSH
backfill,2026-04-09,DET,MIN,,,,,,,,,,,,,,,,,0,1,1,MIN
backfill,2026-04-09,AZ,NYM,,,,,,,,,,,,,,,,,0,1,1,NYM
backfill,2026-04-09,CWS,KC,,,,,,,,,,,,,,,,,1,0,1,CWS
backfill,2026-04-09,COL,SD,,,,,,,,,,,,,,,,,1,1,2,PUSH
backfill,2026-04-08,SD,PIT,,,,,,,,,,,,,,,,,0,0,0,PUSH
backfill,2026-04-08,KC,CLE,,,,,,,,,,,,,,,,,2,5,7,CLE
backfill,2026-04-08,MIL,BOS,,,,,,,,,,,,,,,,,0,3,3,BOS
backfill,2026-04-08,BAL,CWS,,,,,,,,,,,,,,,,,2,3,5,CWS
backfill,2026-04-08,SEA,TEX,,,,,,,,,,,,,,,,,0,3,3,TEX
backfill,2026-04-08,LAD,TOR,,,,,,,,,,,,,,,,,1,1,2,PUSH
backfill,2026-04-08,HOU,COL,,,,,,,,,,,,,,,,,1,7,8,COL
backfill,2026-04-08,PHI,SF,,,,,,,,,,,,,,,,,0,0,0,PUSH
backfill,2026-04-08,STL,WSH,,,,,,,,,,,,,,,,,3,1,4,STL
backfill,2026-04-08,ATL,LAA,,,,,,,,,,,,,,,,,7,2,9,ATL
backfill,2026-04-08,AZ,NYM,,,,,,,,,,,,,,,,,5,0,5,AZ
backfill,2026-04-08,CHC,TB,,,,,,,,,,,,,,,,,6,1,7,CHC
backfill,2026-04-08,CIN,MIA,,,,,,,,,,,,,,,,,4,6,10,MIA
backfill,2026-04-08,ATH,NYY,,,,,,,,,,,,,,,,,2,2,4,PUSH
backfill,2026-04-08,DET,MIN,,,,,,,,,,,,,,,,,0,7,7,MIN
backfill,2026-04-07,KC,CLE,,,,,,,,,,,,,,,,,1,1,2,PUSH
backfill,2026-04-07,BAL,CWS,,,,,,,,,,,,,,,,,1,2,3,CWS
backfill,2026-04-07,AZ,NYM,,,,,,,,,,,,,,,,,3,2,5,AZ
backfill,2026-04-07,SD,PIT,,,,,,,,,,,,,,,,,0,2,2,PIT
backfill,2026-04-07,CHC,TB,,,,,,,,,,,,,,,,,4,0,4,CHC
backfill,2026-04-07,CIN,MIA,,,,,,,,,,,,,,,,,0,2,2,MIA
backfill,2026-04-07,STL,WSH,,,,,,,,,,,,,,,,,2,4,6,WSH
backfill,2026-04-07,MIL,BOS,,,,,,,,,,,,,,,,,0,0,0,PUSH
backfill,2026-04-07,ATH,NYY,,,,,,,,,,,,,,,,,3,1,4,ATH
backfill,2026-04-07,LAD,TOR,,,,,,,,,,,,,,,,,3,0,3,LAD
backfill,2026-04-07,DET,MIN,,,,,,,,,,,,,,,,,0,4,4,MIN
backfill,2026-04-07,SEA,TEX,,,,,,,,,,,,,,,,,2,3,5,TEX
backfill,2026-04-07,HOU,COL,,,,,,,,,,,,,,,,,1,3,4,COL
backfill,2026-04-07,ATL,LAA,,,,,,,,,,,,,,,,,4,2,6,ATL
backfill,2026-04-07,PHI,SF,,,,,,,,,,,,,,,,,0,3,3,SF
backfill,2026-04-06,CHC,TB,,,,,,,,,,,,,,,,,2,4,6,TB
backfill,2026-04-06,KC,CLE,,,,,,,,,,,,,,,,,1,1,2,PUSH
backfill,2026-04-06,SD,PIT,,,,,,,,,,,,,,,,,3,0,3,SD
backfill,2026-04-06,CIN,MIA,,,,,,,,,,,,,,,,,1,0,1,CIN
backfill,2026-04-06,STL,WSH,,,,,,,,,,,,,,,,,1,2,3,WSH
backfill,2026-04-06,MIL,BOS,,,,,,,,,,,,,,,,,5,5,10,PUSH
backfill,2026-04-06,LAD,TOR,,,,,,,,,,,,,,,,,6,1,7,LAD
backfill,2026-04-06,DET,MIN,,,,,,,,,,,,,,,,,3,5,8,MIN
backfill,2026-04-06,BAL,CWS,,,,,,,,,,,,,,,,,1,0,1,BAL
backfill,2026-04-06,SEA,TEX,,,,,,,,,,,,,,,,,1,1,2,PUSH
backfill,2026-04-06,HOU,COL,,,,,,,,,,,,,,,,,3,8,11,COL
backfill,2026-04-06,ATL,LAA,,,,,,,,,,,,,,,,,1,6,7,LAA
backfill,2026-04-06,PHI,SF,,,,,,,,,,,,,,,,,2,4,6,SF
backfill,2026-04-05,CHC,CLE,,,,,,,,,,,,,,,,,0,0,0,PUSH
backfill,2026-04-05,CHC,CLE,,,,,,,,,,,,,,,,,1,0,1,CHC
backfill,2026-04-05,LAD,WSH,,,,,,,,,,,,,,,,,1,6,7,WSH
backfill,2026-04-05,BAL,PIT,,,,,,,,,,,,,,,,,1,6,7,PIT
backfill,2026-04-05,SD,BOS,,,,,,,,,,,,,,,,,6,4,10,SD
backfill,2026-04-05,MIA,NYY,,,,,,,,,,,,,,,,,2,4,6,NYY
backfill,2026-04-05,TB,MIN,,,,,,,,,,,,,,,,,1,1,2,PUSH
backfill,2026-04-05,TOR,CWS,,,,,,,,,,,,,,,,,0,3,3,CWS
backfill,2026-04-05,MIL,KC,,,,,,,,,,,,,,,,,4,2,6,MIL
backfill,2026-04-05,CIN,TEX,,,,,,,,,,,,,,,,,1,0,1,CIN
backfill,2026-04-05,PHI,COL,,,,,,,,,,,,,,,,,1,4,5,COL
backfill,2026-04-05,HOU,ATH,,,,,,,,,,,,,,,,,3,5,8,ATH
backfill,2026-04-05,NYM,SF,,,,,,,,,,,,,,,,,1,0,1,NYM
backfill,2026-04-05,SEA,LAA,,,,,,,,,,,,,,,,,5,6,11,LAA
backfill,2026-04-05,ATL,AZ,,,,,,,,,,,,,,,,,3,3,6,PUSH
backfill,2026-04-05,STL,DET,,,,,,,,,,,,,,,,,4,2,6,STL
backfill,2026-04-04,TOR,CWS,,,,,,,,,,,,,,,,,0,1,1,CWS
backfill,2026-04-04,MIL,KC,,,,,,,,,,,,,,,,,5,0,5,MIL
backfill,2026-04-04,MIL,KC,,,,,,,,,,,,,,,,,2,2,4,PUSH
backfill,2026-04-04,LAD,WSH,,,,,,,,,,,,,,,,,9,2,11,LAD
backfill,2026-04-04,HOU,ATH,,,,,,,,,,,,,,,,,7,0,7,HOU
backfill,2026-04-04,BAL,PIT,,,,,,,,,,,,,,,,,2,1,3,BAL
backfill,2026-04-04,SD,BOS,,,,,,,,,,,,,,,,,2,1,3,SD
backfill,2026-04-04,CIN,TEX,,,,,,,,,,,,,,,,,2,0,2,CIN
backfill,2026-04-04,MIA,NYY,,,,,,,,,,,,,,,,,4,2,6,MIA
backfill,2026-04-04,TB,MIN,,,,,,,,,,,,,,,,,6,1,7,TB
backfill,2026-04-04,ATL,AZ,,,,,,,,,,,,,,,,,1,2,3,AZ
backfill,2026-04-04,PHI,COL,,,,,,,,,,,,,,,,,2,1,3,PHI
backfill,2026-04-04,NYM,SF,,,,,,,,,,,,,,,,,8,0,8,NYM
backfill,2026-04-04,SEA,LAA,,,,,,,,,,,,,,,,,0,1,1,LAA
backfill,2026-04-03,LAD,WSH,,,,,,,,,,,,,,,,,11,4,15,LAD
backfill,2026-04-03,STL,DET,,,,,,,,,,,,,,,,,0,3,3,DET
backfill,2026-04-03,MIA,NYY,,,,,,,,,,,,,,,,,2,4,6,NYY
backfill,2026-04-03,SD,BOS,,,,,,,,,,,,,,,,,2,2,4,PUSH
backfill,2026-04-03,TOR,CWS,,,,,,,,,,,,,,,,,1,3,4,CWS
backfill,2026-04-03,CIN,TEX,,,,,,,,,,,,,,,,,2,2,4,PUSH
backfill,2026-04-03,CHC,CLE,,,,,,,,,,,,,,,,,1,1,2,PUSH
backfill,2026-04-03,TB,MIN,,,,,,,,,,,,,,,,,3,3,6,PUSH
backfill,2026-04-03,PHI,COL,,,,,,,,,,,,,,,,,10,1,11,PHI
backfill,2026-04-03,BAL,PIT,,,,,,,,,,,,,,,,,2,5,7,PIT
backfill,2026-04-03,SEA,LAA,,,,,,,,,,,,,,,,,0,0,0,PUSH
backfill,2026-04-03,HOU,ATH,,,,,,,,,,,,,,,,,1,11,12,ATH
backfill,2026-04-03,ATL,AZ,,,,,,,,,,,,,,,,,0,0,0,PUSH
backfill,2026-04-03,NYM,SF,,,,,,,,,,,,,,,,,5,0,5,NYM
backfill,2026-04-02,MIN,KC,,,,,,,,,,,,,,,,,1,0,1,MIN
backfill,2026-04-02,ATL,AZ,,,,,,,,,,,,,,,,,10,1,11,ATL
backfill,2026-04-02,NYM,SF,,,,,,,,,,,,,,,,,2,6,8,SF
backfill,2026-04-01,ATH,ATL,,,,,,,,,,,,,,,,,1,5,6,ATL
backfill,2026-04-01,TEX,BAL,,,,,,,,,,,,,,,,,2,7,9,BAL
backfill,2026-04-01,PIT,CIN,,,,,,,,,,,,,,,,,3,1,4,PIT
backfill,2026-04-01,WSH,PHI,,,,,,,,,,,,,,,,,1,1,2,PUSH
backfill,2026-04-01,COL,TOR,,,,,,,,,,,,,,,,,0,1,1,TOR
backfill,2026-04-01,CWS,MIA,,,,,,,,,,,,,,,,,0,8,8,MIA
backfill,2026-04-01,NYM,STL,,,,,,,,,,,,,,,,,0,0,0,PUSH
backfill,2026-04-01,TB,MIL,,,,,,,,,,,,,,,,,2,2,4,PUSH
backfill,2026-04-01,BOS,HOU,,,,,,,,,,,,,,,,,2,5,7,HOU
backfill,2026-04-01,LAA,CHC,,,,,,,,,,,,,,,,,0,5,5,CHC
backfill,2026-04-01,DET,AZ,,,,,,,,,,,,,,,,,0,1,1,AZ
backfill,2026-04-01,SF,SD,,,,,,,,,,,,,,,,,0,2,2,SD
backfill,2026-04-01,NYY,SEA,,,,,,,,,,,,,,,,,1,0,1,NYY
backfill,2026-04-01,MIN,KC,,,,,,,,,,,,,,,,,1,5,6,KC
backfill,2026-04-01,CLE,LAD,,,,,,,,,,,,,,,,,2,0,2,CLE
backfill,2026-03-31,TEX,BAL,,,,,,,,,,,,,,,,,3,3,6,PUSH
backfill,2026-03-31,PIT,CIN,,,,,,,,,,,,,,,,,6,1,7,PIT
backfill,2026-03-31,WSH,PHI,,,,,,,,,,,,,,,,,0,3,3,PHI
backfill,2026-03-31,CWS,MIA,,,,,,,,,,,,,,,,,2,4,6,MIA
backfill,2026-03-31,COL,TOR,,,,,,,,,,,,,,,,,0,2,2,TOR
backfill,2026-03-31,ATH,ATL,,,,,,,,,,,,,,,,,5,2,7,ATH
backfill,2026-03-31,LAA,CHC,,,,,,,,,,,,,,,,,0,0,0,PUSH
backfill,2026-03-31,TB,MIL,,,,,,,,,,,,,,,,,2,3,5,MIL
backfill,2026-03-31,NYM,STL,,,,,,,,,,,,,,,,,0,2,2,STL
backfill,2026-03-31,BOS,HOU,,,,,,,,,,,,,,,,,1,6,7,HOU
backfill,2026-03-31,DET,AZ,,,,,,,,,,,,,,,,,5,1,6,DET
backfill,2026-03-31,SF,SD,,,,,,,,,,,,,,,,,4,3,7,SF
backfill,2026-03-31,NYY,SEA,,,,,,,,,,,,,,,,,2,0,2,NYY
backfill,2026-03-31,CLE,LAD,,,,,,,,,,,,,,,,,0,1,1,LAD
backfill,2026-03-30,MIN,KC,,,,,,,,,,,,,,,,,1,2,3,KC
backfill,2026-03-30,TEX,BAL,,,,,,,,,,,,,,,,,4,2,6,TEX
backfill,2026-03-30,PIT,CIN,,,,,,,,,,,,,,,,,0,2,2,CIN
backfill,2026-03-30,WSH,PHI,,,,,,,,,,,,,,,,,7,2,9,WSH
backfill,2026-03-30,CWS,MIA,,,,,,,,,,,,,,,,,8,3,11,CWS
backfill,2026-03-30,COL,TOR,,,,,,,,,,,,,,,,,2,1,3,COL
backfill,2026-03-30,ATH,ATL,,,,,,,,,,,,,,,,,0,3,3,ATL
backfill,2026-03-30,LAA,CHC,,,,,,,,,,,,,,,,,0,6,6,CHC
backfill,2026-03-30,TB,MIL,,,,,,,,,,,,,,,,,1,0,1,TB
backfill,2026-03-30,NYM,STL,,,,,,,,,,,,,,,,,2,1,3,NYM
backfill,2026-03-30,BOS,HOU,,,,,,,,,,,,,,,,,0,4,4,HOU
backfill,2026-03-30,SF,SD,,,,,,,,,,,,,,,,,3,0,3,SF
backfill,2026-03-30,NYY,SEA,,,,,,,,,,,,,,,,,0,1,1,SEA
backfill,2026-03-30,DET,AZ,,,,,,,,,,,,,,,,,0,8,8,AZ
backfill,2026-03-30,CLE,LAD,,,,,,,,,,,,,,,,,1,0,1,CLE
backfill,2026-03-29,MIN,BAL,,,,,,,,,,,,,,,,,4,3,7,MIN
backfill,2026-03-29,TEX,PHI,,,,,,,,,,,,,,,,,5,0,5,TEX
backfill,2026-03-29,KC,ATL,,,,,,,,,,,,,,,,,3,0,3,KC
backfill,2026-03-29,ATH,TOR,,,,,,,,,,,,,,,,,2,5,7,TOR
backfill,2026-03-29,BOS,CIN,,,,,,,,,,,,,,,,,2,0,2,BOS
backfill,2026-03-29,PIT,NYM,,,,,,,,,,,,,,,,,2,2,4,PUSH
backfill,2026-03-29,COL,MIA,,,,,,,,,,,,,,,,,3,2,5,COL
backfill,2026-03-29,LAA,HOU,,,,,,,,,,,,,,,,,6,6,12,PUSH
backfill,2026-03-29,CWS,MIL,,,,,,,,,,,,,,,,,7,2,9,CWS
backfill,2026-03-29,TB,STL,,,,,,,,,,,,,,,,,6,4,10,TB
backfill,2026-03-29,WSH,CHC,,,,,,,,,,,,,,,,,3,2,5,WSH
backfill,2026-03-29,CLE,SEA,,,,,,,,,,,,,,,,,0,6,6,SEA
backfill,2026-03-28,TB,STL,,,,,,,,,,,,,,,,,0,2,2,STL
backfill,2026-03-28,WSH,CHC,,,,,,,,,,,,,,,,,2,6,8,CHC
backfill,2026-03-28,ATH,TOR,,,,,,,,,,,,,,,,,0,1,1,TOR
backfill,2026-03-28,MIN,BAL,,,,,,,,,,,,,,,,,3,1,4,MIN
backfill,2026-03-28,TEX,PHI,,,,,,,,,,,,,,,,,3,0,3,TEX
backfill,2026-03-28,BOS,CIN,,,,,,,,,,,,,,,,,3,5,8,CIN
backfill,2026-03-28,PIT,NYM,,,,,,,,,,,,,,,,,0,0,0,PUSH
backfill,2026-03-28,COL,MIA,,,,,,,,,,,,,,,,,3,3,6,PUSH
backfill,2026-03-28,LAA,HOU,,,,,,,,,,,,,,,,,6,3,9,LAA
backfill,2026-03-28,CWS,MIL,,,,,,,,,,,,,,,,,1,4,5,MIL
backfill,2026-03-28,KC,ATL,,,,,,,,,,,,,,,,,0,0,0,PUSH
backfill,2026-03-28,NYY,SF,,,,,,,,,,,,,,,,,3,1,4,NYY
backfill,2026-03-28,DET,SD,,,,,,,,,,,,,,,,,0,3,3,SD
backfill,2026-03-28,AZ,LAD,,,,,,,,,,,,,,,,,2,0,2,AZ
backfill,2026-03-28,CLE,SEA,,,,,,,,,,,,,,,,,0,2,2,SEA
backfill,2026-03-27,NYY,SF,,,,,,,,,,,,,,,,,0,0,0,PUSH
backfill,2026-03-27,ATH,TOR,,,,,,,,,,,,,,,,,1,2,3,TOR
backfill,2026-03-27,COL,MIA,,,,,,,,,,,,,,,,,1,2,3,MIA
backfill,2026-03-27,KC,ATL,,,,,,,,,,,,,,,,,0,4,4,ATL
backfill,2026-03-27,LAA,HOU,,,,,,,,,,,,,,,,,5,2,7,LAA
backfill,2026-03-27,DET,SD,,,,,,,,,,,,,,,,,0,1,1,SD
backfill,2026-03-27,CLE,SEA,,,,,,,,,,,,,,,,,1,3,4,SEA
backfill,2026-03-27,AZ,LAD,,,,,,,,,,,,,,,,,4,4,8,PUSH
backfill,2026-03-26,PIT,NYM,,,,,,,,,,,,,,,,,4,9,13,NYM
backfill,2026-03-26,CWS,MIL,,,,,,,,,,,,,,,,,1,8,9,MIL
backfill,2026-03-26,WSH,CHC,,,,,,,,,,,,,,,,,7,3,10,WSH
backfill,2026-03-26,MIN,BAL,,,,,,,,,,,,,,,,,0,0,0,PUSH
backfill,2026-03-26,BOS,CIN,,,,,,,,,,,,,,,,,0,0,0,PUSH
backfill,2026-03-26,LAA,HOU,,,,,,,,,,,,,,,,,0,0,0,PUSH
backfill,2026-03-26,DET,SD,,,,,,,,,,,,,,,,,8,0,8,DET
backfill,2026-03-26,TB,STL,,,,,,,,,,,,,,,,,1,1,2,PUSH
backfill,2026-03-26,TEX,PHI,,,,,,,,,,,,,,,,,0,5,5,PHI
backfill,2026-03-26,AZ,LAD,,,,,,,,,,,,,,,,,2,4,6,LAD
backfill,2026-03-26,CLE,SEA,,,,,,,,,,,,,,,,,3,3,6,PUSH
backfill,2026-03-25,NYY,SF,,,,,,,,,,,,,,,,,7,0,7,NYY
backfill,2026-03-24,TB,ATL,,,,,,,,,,,,,,,,,1,3,4,ATL
backfill,2026-03-24,BOS,MIN,,,,,,,,,,,,,,,,,5,9,14,MIN
backfill,2026-03-24,KC,TEX,,,,,,,,,,,,,,,,,0,3,3,TEX
backfill,2026-03-24,NYY,CHC,,,,,,,,,,,,,,,,,5,2,7,NYY
backfill,2026-03-24,DET,COL,,,,,,,,,,,,,,,,,6,6,12,PUSH
backfill,2026-03-24,CLE,AZ,,,,,,,,,,,,,,,,,6,4,10,CLE
backfill,2026-03-24,CIN,MIL,,,,,,,,,,,,,,,,,0,2,2,MIL
backfill,2026-03-24,LAA,LAD,,,,,,,,,,,,,,,,,3,0,3,LAA
backfill,2026-03-24,5434,HOU,,,,,,,,,,,,,,,,,2,2,4,PUSH
backfill,2026-03-24,562,SF,,,,,,,,,,,,,,,,,2,5,7,SF
backfill,2026-03-23,TB,PHI,,,,,,,,,,,,,,,,,0,0,0,PUSH
backfill,2026-03-23,BAL,WSH,,,,,,,,,,,,,,,,,0,0,0,PUSH
backfill,2026-03-23,MIN,BOS,,,,,,,,,,,,,,,,,6,5,11,MIN
backfill,2026-03-23,ATL,PIT,,,,,,,,,,,,,,,,,3,1,4,ATL
backfill,2026-03-23,CWS,ATH,,,,,,,,,,,,,,,,,7,9,16,ATH
backfill,2026-03-23,NYY,CHC,,,,,,,,,,,,,,,,,2,10,12,CHC
backfill,2026-03-23,SEA,SD,,,,,,,,,,,,,,,,,2,1,3,SEA
backfill,2026-03-23,STL,440,,,,,,,,,,,,,,,,,2,0,2,STL
backfill,2026-03-23,CIN,MIL,,,,,,,,,,,,,,,,,1,7,8,MIL
backfill,2026-03-23,KC,TEX,,,,,,,,,,,,,,,,,0,2,2,TEX
backfill,2026-03-23,DET,COL,,,,,,,,,,,,,,,,,4,4,8,PUSH
backfill,2026-03-23,LAA,LAD,,,,,,,,,,,,,,,,,6,3,9,LAA
backfill,2026-03-23,CLE,AZ,,,,,,,,,,,,,,,,,6,0,6,CLE
backfill,2026-03-23,562,SF,,,,,,,,,,,,,,,,,0,4,4,SF
backfill,2026-03-22,STL,HOU,,,,,,,,,,,,,,,,,1,1,2,PUSH
backfill,2026-03-22,BOS,PIT,,,,,,,,,,,,,,,,,1,2,3,PIT
backfill,2026-03-22,ATL,MIN,,,,,,,,,,,,,,,,,3,5,8,MIN
backfill,2026-03-22,PHI,NYY,,,,,,,,,,,,,,,,,0,4,4,NYY
backfill,2026-03-22,TB,TOR,,,,,,,,,,,,,,,,,0,13,13,TOR
backfill,2026-03-22,NYM,MIA,,,,,,,,,,,,,,,,,3,1,4,NYM
backfill,2026-03-22,WSH,BAL,,,,,,,,,,,,,,,,,0,2,2,BAL
backfill,2026-03-22,CIN,CLE,,,,,,,,,,,,,,,,,1,7,8,CLE
backfill,2026-03-22,MIL,CHC,,,,,,,,,,,,,,,,,0,9,9,CHC
backfill,2026-03-22,ATH,COL,,,,,,,,,,,,,,,,,4,3,7,ATH
backfill,2026-03-22,SF,105,,,,,,,,,,,,,,,,,0,1,1,105
backfill,2026-03-22,SEA,CWS,,,,,,,,,,,,,,,,,2,0,2,SEA
backfill,2026-03-22,LAD,LAA,,,,,,,,,,,,,,,,,10,1,11,LAD
backfill,2026-03-22,AZ,SD,,,,,,,,,,,,,,,,,7,1,8,AZ
backfill,2026-03-21,NYM,WSH,,,,,,,,,,,,,,,,,0,0,0,PUSH
backfill,2026-03-21,TOR,PIT,,,,,,,,,,,,,,,,,1,3,4,PIT
backfill,2026-03-21,MIN,TB,,,,,,,,,,,,,,,,,1,1,2,PUSH
backfill,2026-03-21,PHI,BAL,,,,,,,,,,,,,,,,,4,3,7,PHI
backfill,2026-03-21,ATL,BOS,,,,,,,,,,,,,,,,,6,1,7,ATL
backfill,2026-03-21,MIA,STL,,,,,,,,,,,,,,,,,4,5,9,STL
backfill,2026-03-21,NYY,DET,,,,,,,,,,,,,,,,,1,1,2,PUSH
backfill,2026-03-21,HOU,NYM,,,,,,,,,,,,,,,,,3,1,4,HOU
backfill,2026-03-21,ATH,LAD,,,,,,,,,,,,,,,,,4,4,8,PUSH
backfill,2026-03-21,COL,KC,,,,,,,,,,,,,,,,,4,1,5,COL
backfill,2026-03-21,CLE,SF,,,,,,,,,,,,,,,,,1,8,9,SF
backfill,2026-03-21,TEX,AZ,,,,,,,,,,,,,,,,,0,3,3,AZ
backfill,2026-03-21,SD,MIL,,,,,,,,,,,,,,,,,0,3,3,MIL
backfill,2026-03-21,CWS,CIN,,,,,,,,,,,,,,,,,5,7,12,CIN
backfill,2026-03-21,CHC,SEA,,,,,,,,,,,,,,,,,1,1,2,PUSH
backfill,2026-03-20,BOS,TB,,,,,,,,,,,,,,,,,0,1,1,TB
backfill,2026-03-20,TOR,MIN,,,,,,,,,,,,,,,,,2,0,2,TOR
backfill,2026-03-20,DET,PHI,,,,,,,,,,,,,,,,,1,4,5,PHI
backfill,2026-03-20,STL,NYM,,,,,,,,,,,,,,,,,4,0,4,STL
backfill,2026-03-20,CWS,LAA,,,,,,,,,,,,,,,,,0,4,4,LAA
backfill,2026-03-20,PIT,ATL,,,,,,,,,,,,,,,,,1,4,5,ATL
backfill,2026-03-20,MIA,HOU,,,,,,,,,,,,,,,,,3,2,5,MIA
backfill,2026-03-20,BAL,NYY,,,,,,,,,,,,,,,,,0,0,0,PUSH
backfill,2026-03-20,WSH,MIA,,,,,,,,,,,,,,,,,2,3,5,MIA
backfill,2026-03-20,KC,SF,,,,,,,,,,,,,,,,,2,4,6,SF
backfill,2026-03-20,CIN,CHC,,,,,,,,,,,,,,,,,8,1,9,CIN
backfill,2026-03-20,SD,LAD,,,,,,,,,,,,,,,,,0,3,3,LAD
backfill,2026-03-20,SEA,CLE,,,,,,,,,,,,,,,,,18,4,22,SEA
backfill,2026-03-20,SF,TEX,,,,,,,,,,,,,,,,,1,0,1,SF
backfill,2026-03-20,CHC,ATH,,,,,,,,,,,,,,,,,1,4,5,ATH
backfill,2026-03-20,COL,SD,,,,,,,,,,,,,,,,,5,0,5,COL
backfill,2026-03-20,MIL,AZ,,,,,,,,,,,,,,,,,7,6,13,MIL
