section,date,team,opponent,status,conviction_pct,side,opp_sp_name,opp_sp_factor,opp_bp_factor,team_total_proj,pick_3.5,pick_4.5,kelly_line,model_prob,fair_odds_dec,kelly_pct,kelly_advice,status_reason,runs,result_3.5,result_4.5
projection,2026-05-06,TOR,TB,PASS,55.9,AWAY,,,,3.67,OVER,UNDER,UNDER 3.5,0.5592,1.743,5.0,2u,No market price available,,,
projection,2026-05-06,TB,TOR,PASS,60.2,HOME,,,,4.11,OVER,UNDER,UNDER 4.5,0.6024,1.593,5.0,2u,No market price available,,,
projection,2026-05-06,MIL,STL,PASS,58.1,AWAY,,,,4.77,OVER,OVER,OVER 3.5,0.5808,1.663,5.0,2u,No market price available,,,
projection,2026-05-06,STL,MIL,PASS,58.1,HOME,,,,4.77,OVER,OVER,OVER 3.5,0.5808,1.663,5.0,2u,No market price available,,,
projection,2026-05-06,LAD,HOU,PASS,66.2,AWAY,,,,5.45,OVER,OVER,OVER 3.5,0.6624,1.423,5.0,2u,No market price available,,,
projection,2026-05-06,HOU,LAD,PASS,61.8,HOME,,,,3.96,OVER,UNDER,UNDER 4.5,0.6184,1.543,5.0,2u,No market price available,,,
projection,2026-05-06,SD,SF,PASS,58.2,AWAY,,,,4.29,OVER,UNDER,UNDER 4.5,0.5824,1.658,5.0,2u,No market price available,,,
projection,2026-05-06,SF,SD,PASS,58.9,HOME,,,,3.43,UNDER,UNDER,UNDER 3.5,0.5888,1.637,5.0,2u,No market price available,,,
projection,2026-05-06,CWS,LAA,PASS,61.0,AWAY,,,,5.01,OVER,OVER,OVER 3.5,0.6104,1.567,5.0,2u,No market price available,,,
projection,2026-05-06,LAA,CWS,PASS,58.2,HOME,,,,4.3,OVER,UNDER,UNDER 4.5,0.5816,1.662,5.0,2u,No market price available,,,
projection,2026-05-06,ATL,SEA,PASS,56.6,AWAY,,,,4.43,OVER,UNDER,UNDER 4.5,0.5664,1.715,5.0,2u,No market price available,,,
projection,2026-05-06,SEA,ATL,PASS,60.5,HOME,,,,4.09,OVER,UNDER,UNDER 4.5,0.6048,1.586,5.0,2u,No market price available,,,
projection,2026-05-06,BOS,DET,PASS,55.5,AWAY,,,,4.53,OVER,OVER,UNDER 4.5,0.5552,1.758,4.73,2u,No market price available,,,
projection,2026-05-06,DET,BOS,PASS,60.3,HOME,,,,4.1,OVER,UNDER,UNDER 4.5,0.6032,1.589,5.0,2u,No market price available,,,
projection,2026-05-06,ATH,PHI,PASS,59.1,AWAY,,,,4.21,OVER,UNDER,UNDER 4.5,0.5912,1.628,5.0,2u,No market price available,,,
projection,2026-05-06,PHI,ATH,PASS,58.7,HOME,,,,4.82,OVER,OVER,OVER 3.5,0.5872,1.642,5.0,2u,No market price available,,,
projection,2026-05-06,BAL,MIA,PASS,59.0,AWAY,,,,4.22,OVER,UNDER,UNDER 4.5,0.5904,1.632,5.0,2u,No market price available,,,
projection,2026-05-06,MIA,BAL,PASS,55.8,HOME,,,,4.51,OVER,OVER,UNDER 4.5,0.5576,1.749,5.0,2u,No market price available,,,
projection,2026-05-06,MIN,WSH,PASS,69.7,AWAY,,,,5.77,OVER,OVER,OVER 3.5,0.6968,1.341,5.0,2u,No market price available,,,
projection,2026-05-06,WSH,MIN,PASS,62.6,HOME,,,,5.14,OVER,OVER,OVER 3.5,0.6264,1.52,5.0,2u,No market price available,,,
projection,2026-05-06,TEX,NYY,PASS,64.2,AWAY,,,,3.74,OVER,UNDER,UNDER 4.5,0.6416,1.478,5.0,2u,No market price available,,,
projection,2026-05-06,NYY,TEX,PASS,59.6,HOME,,,,4.89,OVER,OVER,OVER 3.5,0.596,1.613,5.0,2u,No market price available,,,
projection,2026-05-06,CIN,CHC,PASS,61.4,AWAY,,,,4.0,OVER,UNDER,UNDER 4.5,0.6144,1.556,5.0,2u,No market price available,,,
projection,2026-05-06,CHC,CIN,PASS,62.0,HOME,,,,5.09,OVER,OVER,OVER 3.5,0.62,1.537,5.0,2u,No market price available,,,
projection,2026-05-06,CLE,KC,PASS,56.2,AWAY,,,,4.47,OVER,UNDER,UNDER 4.5,0.5624,1.732,5.0,2u,No market price available,,,
projection,2026-05-06,KC,CLE,PASS,55.7,HOME,,,,4.58,OVER,OVER,OVER 3.5,0.5568,1.75,5.0,2u,No market price available,,,
projection,2026-05-06,NYM,COL,PASS,58.1,AWAY,,,,4.77,OVER,OVER,OVER 3.5,0.5808,1.663,5.0,2u,No market price available,,,
projection,2026-05-06,COL,NYM,PASS,55.4,HOME,,,,4.55,OVER,OVER,OVER 3.5,0.5536,1.765,4.5,2u,No market price available,,,
projection,2026-05-06,PIT,AZ,PASS,60.0,AWAY,,,,4.92,OVER,OVER,OVER 3.5,0.6,1.601,5.0,2u,No market price available,,,
projection,2026-05-06,AZ,PIT,PASS,57.9,HOME,,,,4.32,OVER,UNDER,UNDER 4.5,0.5792,1.67,5.0,2u,No market price available,,,
backfill,2026-05-05,BOS,DET,,,AWAY,,,,,,,,,,,,,10,OVER,OVER
backfill,2026-05-05,DET,BOS,,,HOME,,,,,,,,,,,,,3,UNDER,UNDER
backfill,2026-05-05,TOR,TB,,,AWAY,,,,,,,,,,,,,3,UNDER,UNDER
backfill,2026-05-05,TB,TOR,,,HOME,,,,,,,,,,,,,4,OVER,UNDER
backfill,2026-05-05,ATH,PHI,,,AWAY,,,,,,,,,,,,,1,UNDER,UNDER
backfill,2026-05-05,PHI,ATH,,,HOME,,,,,,,,,,,,,9,OVER,OVER
backfill,2026-05-05,BAL,MIA,,,AWAY,,,,,,,,,,,,,9,OVER,OVER
backfill,2026-05-05,MIA,BAL,,,HOME,,,,,,,,,,,,,7,OVER,OVER
backfill,2026-05-05,MIN,WSH,,,AWAY,,,,,,,,,,,,,11,OVER,OVER
backfill,2026-05-05,WSH,MIN,,,HOME,,,,,,,,,,,,,3,UNDER,UNDER
backfill,2026-05-05,TEX,NYY,,,AWAY,,,,,,,,,,,,,4,OVER,UNDER
backfill,2026-05-05,NYY,TEX,,,HOME,,,,,,,,,,,,,7,OVER,OVER
backfill,2026-05-05,CIN,CHC,,,AWAY,,,,,,,,,,,,,2,UNDER,UNDER
backfill,2026-05-05,CHC,CIN,,,HOME,,,,,,,,,,,,,3,UNDER,UNDER
backfill,2026-05-05,CLE,KC,,,AWAY,,,,,,,,,,,,,3,UNDER,UNDER
backfill,2026-05-05,KC,CLE,,,HOME,,,,,,,,,,,,,5,OVER,OVER
backfill,2026-05-05,LAD,HOU,,,AWAY,,,,,,,,,,,,,1,UNDER,UNDER
backfill,2026-05-05,HOU,LAD,,,HOME,,,,,,,,,,,,,2,UNDER,UNDER
backfill,2026-05-05,CWS,LAA,,,AWAY,,,,,,,,,,,,,3,UNDER,UNDER
backfill,2026-05-05,LAA,CWS,,,HOME,,,,,,,,,,,,,4,OVER,UNDER
backfill,2026-05-05,PIT,AZ,,,AWAY,,,,,,,,,,,,,0,UNDER,UNDER
backfill,2026-05-05,AZ,PIT,,,HOME,,,,,,,,,,,,,9,OVER,OVER
backfill,2026-05-05,ATL,SEA,,,AWAY,,,,,,,,,,,,,3,UNDER,UNDER
backfill,2026-05-05,SEA,ATL,,,HOME,,,,,,,,,,,,,2,UNDER,UNDER
backfill,2026-05-05,SD,SF,,,AWAY,,,,,,,,,,,,,10,OVER,OVER
backfill,2026-05-05,SF,SD,,,HOME,,,,,,,,,,,,,5,OVER,OVER
backfill,2026-05-04,NYM,COL,,,AWAY,,,,,,,,,,,,,4,OVER,UNDER
backfill,2026-05-04,COL,NYM,,,HOME,,,,,,,,,,,,,2,UNDER,UNDER
backfill,2026-05-04,BOS,DET,,,AWAY,,,,,,,,,,,,,5,OVER,OVER
backfill,2026-05-04,DET,BOS,,,HOME,,,,,,,,,,,,,4,OVER,UNDER
backfill,2026-05-04,TOR,TB,,,AWAY,,,,,,,,,,,,,1,UNDER,UNDER
backfill,2026-05-04,TB,TOR,,,HOME,,,,,,,,,,,,,5,OVER,OVER
backfill,2026-05-04,PHI,MIA,,,AWAY,,,,,,,,,,,,,1,UNDER,UNDER
backfill,2026-05-04,MIA,PHI,,,HOME,,,,,,,,,,,,,0,UNDER,UNDER
backfill,2026-05-04,BAL,NYY,,,AWAY,,,,,,,,,,,,,1,UNDER,UNDER
backfill,2026-05-04,NYY,BAL,,,HOME,,,,,,,,,,,,,12,OVER,OVER
backfill,2026-05-04,CIN,CHC,,,AWAY,,,,,,,,,,,,,4,OVER,UNDER
backfill,2026-05-04,CHC,CIN,,,HOME,,,,,,,,,,,,,5,OVER,OVER
backfill,2026-05-04,CLE,KC,,,AWAY,,,,,,,,,,,,,2,UNDER,UNDER
backfill,2026-05-04,KC,CLE,,,HOME,,,,,,,,,,,,,6,OVER,OVER
backfill,2026-05-04,MIL,STL,,,AWAY,,,,,,,,,,,,,3,UNDER,UNDER
backfill,2026-05-04,STL,MIL,,,HOME,,,,,,,,,,,,,6,OVER,OVER
backfill,2026-05-04,LAD,HOU,,,AWAY,,,,,,,,,,,,,8,OVER,OVER
backfill,2026-05-04,HOU,LAD,,,HOME,,,,,,,,,,,,,3,UNDER,UNDER
backfill,2026-05-04,CWS,LAA,,,AWAY,,,,,,,,,,,,,6,OVER,OVER
backfill,2026-05-04,LAA,CWS,,,HOME,,,,,,,,,,,,,0,UNDER,UNDER
backfill,2026-05-04,ATL,SEA,,,AWAY,,,,,,,,,,,,,4,OVER,UNDER
backfill,2026-05-04,SEA,ATL,,,HOME,,,,,,,,,,,,,5,OVER,OVER
backfill,2026-05-04,SD,SF,,,AWAY,,,,,,,,,,,,,2,UNDER,UNDER
backfill,2026-05-04,SF,SD,,,HOME,,,,,,,,,,,,,3,UNDER,UNDER
backfill,2026-05-03,TOR,MIN,,,AWAY,,,,,,,,,,,,,3,UNDER,UNDER
backfill,2026-05-03,MIN,TOR,,,HOME,,,,,,,,,,,,,4,OVER,UNDER
backfill,2026-05-03,HOU,BOS,,,AWAY,,,,,,,,,,,,,3,UNDER,UNDER
backfill,2026-05-03,BOS,HOU,,,HOME,,,,,,,,,,,,,1,UNDER,UNDER
backfill,2026-05-03,CIN,PIT,,,AWAY,,,,,,,,,,,,,0,UNDER,UNDER
backfill,2026-05-03,PIT,CIN,,,HOME,,,,,,,,,,,,,1,UNDER,UNDER
backfill,2026-05-03,BAL,NYY,,,AWAY,,,,,,,,,,,,,3,UNDER,UNDER
backfill,2026-05-03,NYY,BAL,,,HOME,,,,,,,,,,,,,11,OVER,OVER
backfill,2026-05-03,MIL,WSH,,,AWAY,,,,,,,,,,,,,2,UNDER,UNDER
backfill,2026-05-03,WSH,MIL,,,HOME,,,,,,,,,,,,,3,UNDER,UNDER
backfill,2026-05-03,SF,TB,,,AWAY,,,,,,,,,,,,,1,UNDER,UNDER
backfill,2026-05-03,TB,SF,,,HOME,,,,,,,,,,,,,2,UNDER,UNDER
backfill,2026-05-03,PHI,MIA,,,AWAY,,,,,,,,,,,,,7,OVER,OVER
backfill,2026-05-03,MIA,PHI,,,HOME,,,,,,,,,,,,,2,UNDER,UNDER
backfill,2026-05-03,LAD,STL,,,AWAY,,,,,,,,,,,,,4,OVER,UNDER
backfill,2026-05-03,STL,LAD,,,HOME,,,,,,,,,,,,,1,UNDER,UNDER
backfill,2026-05-03,AZ,CHC,,,AWAY,,,,,,,,,,,,,4,OVER,UNDER
backfill,2026-05-03,CHC,AZ,,,HOME,,,,,,,,,,,,,8,OVER,OVER
backfill,2026-05-03,ATL,COL,,,AWAY,,,,,,,,,,,,,11,OVER,OVER
backfill,2026-05-03,COL,ATL,,,HOME,,,,,,,,,,,,,6,OVER,OVER
backfill,2026-05-03,CLE,ATH,,,AWAY,,,,,,,,,,,,,1,UNDER,UNDER
backfill,2026-05-03,ATH,CLE,,,HOME,,,,,,,,,,,,,7,OVER,OVER
backfill,2026-05-03,NYM,LAA,,,AWAY,,,,,,,,,,,,,5,OVER,OVER
backfill,2026-05-03,LAA,NYM,,,HOME,,,,,,,,,,,,,1,UNDER,UNDER
backfill,2026-05-03,KC,SEA,,,AWAY,,,,,,,,,,,,,4,OVER,UNDER
backfill,2026-05-03,SEA,KC,,,HOME,,,,,,,,,,,,,1,UNDER,UNDER
backfill,2026-05-03,CWS,SD,,,AWAY,,,,,,,,,,,,,3,UNDER,UNDER
backfill,2026-05-03,SD,CWS,,,HOME,,,,,,,,,,,,,4,OVER,UNDER
backfill,2026-05-03,TEX,DET,,,AWAY,,,,,,,,,,,,,1,UNDER,UNDER
backfill,2026-05-03,DET,TEX,,,HOME,,,,,,,,,,,,,7,OVER,OVER
backfill,2026-05-02,BAL,NYY,,,AWAY,,,,,,,,,,,,,4,OVER,UNDER
backfill,2026-05-02,NYY,BAL,,,HOME,,,,,,,,,,,,,9,OVER,OVER
backfill,2026-05-02,TOR,MIN,,,AWAY,,,,,,,,,,,,,11,OVER,OVER
backfill,2026-05-02,MIN,TOR,,,HOME,,,,,,,,,,,,,4,OVER,UNDER
backfill,2026-05-02,AZ,CHC,,,AWAY,,,,,,,,,,,,,0,UNDER,UNDER
backfill,2026-05-02,CHC,AZ,,,HOME,,,,,,,,,,,,,2,UNDER,UNDER
backfill,2026-05-02,CLE,ATH,,,AWAY,,,,,,,,,,,,,14,OVER,OVER
backfill,2026-05-02,ATH,CLE,,,HOME,,,,,,,,,,,,,6,OVER,OVER
backfill,2026-05-02,CIN,PIT,,,AWAY,,,,,,,,,,,,,7,OVER,OVER
backfill,2026-05-02,PIT,CIN,,,HOME,,,,,,,,,,,,,17,OVER,OVER
backfill,2026-05-02,MIL,WSH,,,AWAY,,,,,,,,,,,,,4,OVER,UNDER
backfill,2026-05-02,WSH,MIL,,,HOME,,,,,,,,,,,,,1,UNDER,UNDER
backfill,2026-05-02,HOU,BOS,,,AWAY,,,,,,,,,,,,,6,OVER,OVER
backfill,2026-05-02,BOS,HOU,,,HOME,,,,,,,,,,,,,3,UNDER,UNDER
backfill,2026-05-02,PHI,MIA,,,AWAY,,,,,,,,,,,,,0,UNDER,UNDER
backfill,2026-05-02,MIA,PHI,,,HOME,,,,,,,,,,,,,4,OVER,UNDER
backfill,2026-05-02,SF,TB,,,AWAY,,,,,,,,,,,,,1,UNDER,UNDER
backfill,2026-05-02,TB,SF,,,HOME,,,,,,,,,,,,,5,OVER,OVER
backfill,2026-05-02,LAD,STL,,,AWAY,,,,,,,,,,,,,2,UNDER,UNDER
backfill,2026-05-02,STL,LAD,,,HOME,,,,,,,,,,,,,3,UNDER,UNDER
backfill,2026-05-02,TEX,DET,,,AWAY,,,,,,,,,,,,,1,UNDER,UNDER
backfill,2026-05-02,DET,TEX,,,HOME,,,,,,,,,,,,,5,OVER,OVER
backfill,2026-05-02,ATL,COL,,,AWAY,,,,,,,,,,,,,9,OVER,OVER
backfill,2026-05-02,COL,ATL,,,HOME,,,,,,,,,,,,,1,UNDER,UNDER
backfill,2026-05-02,CWS,SD,,,AWAY,,,,,,,,,,,,,4,OVER,UNDER
backfill,2026-05-02,SD,CWS,,,HOME,,,,,,,,,,,,,0,UNDER,UNDER
backfill,2026-05-02,NYM,LAA,,,AWAY,,,,,,,,,,,,,3,UNDER,UNDER
backfill,2026-05-02,LAA,NYM,,,HOME,,,,,,,,,,,,,4,OVER,UNDER
backfill,2026-05-02,KC,SEA,,,AWAY,,,,,,,,,,,,,3,UNDER,UNDER
backfill,2026-05-02,SEA,KC,,,HOME,,,,,,,,,,,,,2,UNDER,UNDER
backfill,2026-05-01,AZ,CHC,,,AWAY,,,,,,,,,,,,,5,OVER,OVER
backfill,2026-05-01,CHC,AZ,,,HOME,,,,,,,,,,,,,6,OVER,OVER
backfill,2026-05-01,TEX,DET,,,AWAY,,,,,,,,,,,,,5,OVER,OVER
backfill,2026-05-01,DET,TEX,,,HOME,,,,,,,,,,,,,4,OVER,UNDER
backfill,2026-05-01,CIN,PIT,,,AWAY,,,,,,,,,,,,,1,UNDER,UNDER
backfill,2026-05-01,PIT,CIN,,,HOME,,,,,,,,,,,,,9,OVER,OVER
backfill,2026-05-01,MIL,WSH,,,AWAY,,,,,,,,,,,,,6,OVER,OVER
backfill,2026-05-01,WSH,MIL,,,HOME,,,,,,,,,,,,,1,UNDER,UNDER
backfill,2026-05-01,BAL,NYY,,,AWAY,,,,,,,,,,,,,2,UNDER,UNDER
backfill,2026-05-01,NYY,BAL,,,HOME,,,,,,,,,,,,,7,OVER,OVER
backfill,2026-05-01,HOU,BOS,,,AWAY,,,,,,,,,,,,,1,UNDER,UNDER
backfill,2026-05-01,BOS,HOU,,,HOME,,,,,,,,,,,,,3,UNDER,UNDER
backfill,2026-05-01,SF,TB,,,AWAY,,,,,,,,,,,,,0,UNDER,UNDER
backfill,2026-05-01,TB,SF,,,HOME,,,,,,,,,,,,,3,UNDER,UNDER
backfill,2026-05-01,PHI,MIA,,,AWAY,,,,,,,,,,,,,6,OVER,OVER
backfill,2026-05-01,MIA,PHI,,,HOME,,,,,,,,,,,,,5,OVER,OVER
backfill,2026-05-01,TOR,MIN,,,AWAY,,,,,,,,,,,,,7,OVER,OVER
backfill,2026-05-01,MIN,TOR,,,HOME,,,,,,,,,,,,,3,UNDER,UNDER
backfill,2026-05-01,LAD,STL,,,AWAY,,,,,,,,,,,,,2,UNDER,UNDER
backfill,2026-05-01,STL,LAD,,,HOME,,,,,,,,,,,,,7,OVER,OVER
backfill,2026-05-01,ATL,COL,,,AWAY,,,,,,,,,,,,,8,OVER,OVER
backfill,2026-05-01,COL,ATL,,,HOME,,,,,,,,,,,,,6,OVER,OVER
backfill,2026-05-01,NYM,LAA,,,AWAY,,,,,,,,,,,,,4,OVER,UNDER
backfill,2026-05-01,LAA,NYM,,,HOME,,,,,,,,,,,,,3,UNDER,UNDER
backfill,2026-05-01,CLE,ATH,,,AWAY,,,,,,,,,,,,,8,OVER,OVER
backfill,2026-05-01,ATH,CLE,,,HOME,,,,,,,,,,,,,5,OVER,OVER
backfill,2026-05-01,CWS,SD,,,AWAY,,,,,,,,,,,,,8,OVER,OVER
backfill,2026-05-01,SD,CWS,,,HOME,,,,,,,,,,,,,2,UNDER,UNDER
backfill,2026-05-01,KC,SEA,,,AWAY,,,,,,,,,,,,,7,OVER,OVER
backfill,2026-05-01,SEA,KC,,,HOME,,,,,,,,,,,,,6,OVER,OVER
backfill,2026-04-30,DET,ATL,,,AWAY,,,,,,,,,,,,,5,OVER,OVER
backfill,2026-04-30,ATL,DET,,,HOME,,,,,,,,,,,,,2,UNDER,UNDER
backfill,2026-04-30,HOU,BAL,,,AWAY,,,,,,,,,,,,,3,UNDER,UNDER
backfill,2026-04-30,BAL,HOU,,,HOME,,,,,,,,,,,,,10,OVER,OVER
backfill,2026-04-30,HOU,BAL,,,AWAY,,,,,,,,,,,,,11,OVER,OVER
backfill,2026-04-30,BAL,HOU,,,HOME,,,,,,,,,,,,,5,OVER,OVER
backfill,2026-04-30,STL,PIT,,,AWAY,,,,,,,,,,,,,10,OVER,OVER
backfill,2026-04-30,PIT,STL,,,HOME,,,,,,,,,,,,,5,OVER,OVER
backfill,2026-04-30,SF,PHI,,,AWAY,,,,,,,,,,,,,2,UNDER,UNDER
backfill,2026-04-30,PHI,SF,,,HOME,,,,,,,,,,,,,3,UNDER,UNDER
backfill,2026-04-30,SF,PHI,,,AWAY,,,,,,,,,,,,,5,OVER,OVER
backfill,2026-04-30,PHI,SF,,,HOME,,,,,,,,,,,,,6,OVER,OVER
backfill,2026-04-30,COL,CIN,,,AWAY,,,,,,,,,,,,,4,OVER,UNDER
backfill,2026-04-30,CIN,COL,,,HOME,,,,,,,,,,,,,6,OVER,OVER
backfill,2026-04-30,WSH,NYM,,,AWAY,,,,,,,,,,,,,5,OVER,OVER
backfill,2026-04-30,NYM,WSH,,,HOME,,,,,,,,,,,,,4,OVER,UNDER
backfill,2026-04-30,AZ,MIL,,,AWAY,,,,,,,,,,,,,1,UNDER,UNDER
backfill,2026-04-30,MIL,AZ,,,HOME,,,,,,,,,,,,,13,OVER,OVER
backfill,2026-04-30,KC,ATH,,,AWAY,,,,,,,,,,,,,3,UNDER,UNDER
backfill,2026-04-30,ATH,KC,,,HOME,,,,,,,,,,,,,6,OVER,OVER
backfill,2026-04-30,TOR,MIN,,,AWAY,,,,,,,,,,,,,1,UNDER,UNDER
backfill,2026-04-30,MIN,TOR,,,HOME,,,,,,,,,,,,,7,OVER,OVER
backfill,2026-04-29,TB,CLE,,,AWAY,,,,,,,,,,,,,1,UNDER,UNDER
backfill,2026-04-29,CLE,TB,,,HOME,,,,,,,,,,,,,3,UNDER,UNDER
backfill,2026-04-29,LAA,CWS,,,AWAY,,,,,,,,,,,,,2,UNDER,UNDER
backfill,2026-04-29,CWS,LAA,,,HOME,,,,,,,,,,,,,3,UNDER,UNDER
backfill,2026-04-29,SEA,MIN,,,AWAY,,,,,,,,,,,,,5,OVER,OVER
backfill,2026-04-29,MIN,SEA,,,HOME,,,,,,,,,,,,,3,UNDER,UNDER
backfill,2026-04-29,NYY,TEX,,,AWAY,,,,,,,,,,,,,0,UNDER,UNDER
backfill,2026-04-29,TEX,NYY,,,HOME,,,,,,,,,,,,,3,UNDER,UNDER
backfill,2026-04-29,BOS,TOR,,,AWAY,,,,,,,,,,,,,1,UNDER,UNDER
backfill,2026-04-29,TOR,BOS,,,HOME,,,,,,,,,,,,,8,OVER,OVER
backfill,2026-04-29,MIA,LAD,,,AWAY,,,,,,,,,,,,,3,UNDER,UNDER
backfill,2026-04-29,LAD,MIA,,,HOME,,,,,,,,,,,,,2,UNDER,UNDER
backfill,2026-04-29,CHC,SD,,,AWAY,,,,,,,,,,,,,5,OVER,OVER
backfill,2026-04-29,SD,CHC,,,HOME,,,,,,,,,,,,,4,OVER,UNDER
backfill,2026-04-29,COL,CIN,,,AWAY,,,,,,,,,,,,,13,OVER,OVER
backfill,2026-04-29,CIN,COL,,,HOME,,,,,,,,,,,,,2,UNDER,UNDER
backfill,2026-04-29,STL,PIT,,,AWAY,,,,,,,,,,,,,5,OVER,OVER
backfill,2026-04-29,PIT,STL,,,HOME,,,,,,,,,,,,,4,OVER,UNDER
backfill,2026-04-29,WSH,NYM,,,AWAY,,,,,,,,,,,,,14,OVER,OVER
backfill,2026-04-29,NYM,WSH,,,HOME,,,,,,,,,,,,,2,UNDER,UNDER
backfill,2026-04-29,DET,ATL,,,AWAY,,,,,,,,,,,,,3,UNDER,UNDER
backfill,2026-04-29,ATL,DET,,,HOME,,,,,,,,,,,,,4,OVER,UNDER
backfill,2026-04-29,AZ,MIL,,,AWAY,,,,,,,,,,,,,6,OVER,OVER
backfill,2026-04-29,MIL,AZ,,,HOME,,,,,,,,,,,,,2,UNDER,UNDER
backfill,2026-04-29,KC,ATH,,,AWAY,,,,,,,,,,,,,2,UNDER,UNDER
backfill,2026-04-29,ATH,KC,,,HOME,,,,,,,,,,,,,5,OVER,OVER
backfill,2026-04-28,TB,CLE,,,AWAY,,,,,,,,,,,,,1,UNDER,UNDER
backfill,2026-04-28,CLE,TB,,,HOME,,,,,,,,,,,,,0,UNDER,UNDER
backfill,2026-04-28,HOU,BAL,,,AWAY,,,,,,,,,,,,,3,UNDER,UNDER
backfill,2026-04-28,BAL,HOU,,,HOME,,,,,,,,,,,,,5,OVER,OVER
backfill,2026-04-28,COL,CIN,,,AWAY,,,,,,,,,,,,,2,UNDER,UNDER
backfill,2026-04-28,CIN,COL,,,HOME,,,,,,,,,,,,,7,OVER,OVER
backfill,2026-04-28,STL,PIT,,,AWAY,,,,,,,,,,,,,11,OVER,OVER
backfill,2026-04-28,PIT,STL,,,HOME,,,,,,,,,,,,,7,OVER,OVER
backfill,2026-04-28,SF,PHI,,,AWAY,,,,,,,,,,,,,0,UNDER,UNDER
backfill,2026-04-28,PHI,SF,,,HOME,,,,,,,,,,,,,7,OVER,OVER
backfill,2026-04-28,BOS,TOR,,,AWAY,,,,,,,,,,,,,0,UNDER,UNDER
backfill,2026-04-28,TOR,BOS,,,HOME,,,,,,,,,,,,,3,UNDER,UNDER
backfill,2026-04-28,WSH,NYM,,,AWAY,,,,,,,,,,,,,0,UNDER,UNDER
backfill,2026-04-28,NYM,WSH,,,HOME,,,,,,,,,,,,,8,OVER,OVER
backfill,2026-04-28,DET,ATL,,,AWAY,,,,,,,,,,,,,2,UNDER,UNDER
backfill,2026-04-28,ATL,DET,,,HOME,,,,,,,,,,,,,5,OVER,OVER
backfill,2026-04-28,SEA,MIN,,,AWAY,,,,,,,,,,,,,7,OVER,OVER
backfill,2026-04-28,MIN,SEA,,,HOME,,,,,,,,,,,,,1,UNDER,UNDER
backfill,2026-04-28,LAA,CWS,,,AWAY,,,,,,,,,,,,,2,UNDER,UNDER
backfill,2026-04-28,CWS,LAA,,,HOME,,,,,,,,,,,,,5,OVER,OVER
backfill,2026-04-28,AZ,MIL,,,AWAY,,,,,,,,,,,,,2,UNDER,UNDER
backfill,2026-04-28,MIL,AZ,,,HOME,,,,,,,,,,,,,13,OVER,OVER
backfill,2026-04-28,NYY,TEX,,,AWAY,,,,,,,,,,,,,3,UNDER,UNDER
backfill,2026-04-28,TEX,NYY,,,HOME,,,,,,,,,,,,,2,UNDER,UNDER
backfill,2026-04-28,KC,ATH,,,AWAY,,,,,,,,,,,,,4,OVER,UNDER
backfill,2026-04-28,ATH,KC,,,HOME,,,,,,,,,,,,,1,UNDER,UNDER
backfill,2026-04-28,CHC,SD,,,AWAY,,,,,,,,,,,,,8,OVER,OVER
backfill,2026-04-28,SD,CHC,,,HOME,,,,,,,,,,,,,3,UNDER,UNDER
backfill,2026-04-28,MIA,LAD,,,AWAY,,,,,,,,,,,,,2,UNDER,UNDER
backfill,2026-04-28,LAD,MIA,,,HOME,,,,,,,,,,,,,1,UNDER,UNDER
backfill,2026-04-27,TB,CLE,,,AWAY,,,,,,,,,,,,,3,UNDER,UNDER
backfill,2026-04-27,CLE,TB,,,HOME,,,,,,,,,,,,,2,UNDER,UNDER
backfill,2026-04-27,STL,PIT,,,AWAY,,,,,,,,,,,,,4,OVER,UNDER
backfill,2026-04-27,PIT,STL,,,HOME,,,,,,,,,,,,,2,UNDER,UNDER
backfill,2026-04-27,BOS,TOR,,,AWAY,,,,,,,,,,,,,5,OVER,OVER
backfill,2026-04-27,TOR,BOS,,,HOME,,,,,,,,,,,,,0,UNDER,UNDER
backfill,2026-04-27,SEA,MIN,,,AWAY,,,,,,,,,,,,,4,OVER,UNDER
backfill,2026-04-27,MIN,SEA,,,HOME,,,,,,,,,,,,,11,OVER,OVER
backfill,2026-04-27,LAA,CWS,,,AWAY,,,,,,,,,,,,,7,OVER,OVER
backfill,2026-04-27,CWS,LAA,,,HOME,,,,,,,,,,,,,8,OVER,OVER
backfill,2026-04-27,NYY,TEX,,,AWAY,,,,,,,,,,,,,4,OVER,UNDER
backfill,2026-04-27,TEX,NYY,,,HOME,,,,,,,,,,,,,2,UNDER,UNDER
backfill,2026-04-27,CHC,SD,,,AWAY,,,,,,,,,,,,,7,OVER,OVER
backfill,2026-04-27,SD,CHC,,,HOME,,,,,,,,,,,,,9,OVER,OVER
backfill,2026-04-27,MIA,LAD,,,AWAY,,,,,,,,,,,,,4,OVER,UNDER
backfill,2026-04-27,LAD,MIA,,,HOME,,,,,,,,,,,,,5,OVER,OVER
backfill,2026-04-26,BOS,BAL,,,AWAY,,,,,,,,,,,,,5,OVER,OVER
backfill,2026-04-26,BAL,BOS,,,HOME,,,,,,,,,,,,,3,UNDER,UNDER
backfill,2026-04-26,PHI,ATL,,,AWAY,,,,,,,,,,,,,2,UNDER,UNDER
backfill,2026-04-26,ATL,PHI,,,HOME,,,,,,,,,,,,,6,OVER,OVER
backfill,2026-04-26,CLE,TOR,,,AWAY,,,,,,,,,,,,,2,UNDER,UNDER
backfill,2026-04-26,TOR,CLE,,,HOME,,,,,,,,,,,,,4,OVER,UNDER
backfill,2026-04-26,DET,CIN,,,AWAY,,,,,,,,,,,,,8,OVER,OVER
backfill,2026-04-26,CIN,DET,,,HOME,,,,,,,,,,,,,3,UNDER,UNDER
backfill,2026-04-26,COL,NYM,,,AWAY,,,,,,,,,,,,,3,UNDER,UNDER
backfill,2026-04-26,NYM,COL,,,HOME,,,,,,,,,,,,,1,UNDER,UNDER
backfill,2026-04-26,COL,NYM,,,AWAY,,,,,,,,,,,,,3,UNDER,UNDER
backfill,2026-04-26,NYM,COL,,,HOME,,,,,,,,,,,,,0,UNDER,UNDER
backfill,2026-04-26,MIN,TB,,,AWAY,,,,,,,,,,,,,2,UNDER,UNDER
backfill,2026-04-26,TB,MIN,,,HOME,,,,,,,,,,,,,4,OVER,UNDER
backfill,2026-04-26,WSH,CWS,,,AWAY,,,,,,,,,,,,,2,UNDER,UNDER
backfill,2026-04-26,CWS,WSH,,,HOME,,,,,,,,,,,,,1,UNDER,UNDER
backfill,2026-04-26,NYY,HOU,,,AWAY,,,,,,,,,,,,,4,OVER,UNDER
backfill,2026-04-26,HOU,NYY,,,HOME,,,,,,,,,,,,,7,OVER,OVER
backfill,2026-04-26,PIT,MIL,,,AWAY,,,,,,,,,,,,,0,UNDER,UNDER
backfill,2026-04-26,MIL,PIT,,,HOME,,,,,,,,,,,,,5,OVER,OVER
backfill,2026-04-26,SEA,STL,,,AWAY,,,,,,,,,,,,,3,UNDER,UNDER
backfill,2026-04-26,STL,SEA,,,HOME,,,,,,,,,,,,,2,UNDER,UNDER
backfill,2026-04-26,ATH,TEX,,,AWAY,,,,,,,,,,,,,2,UNDER,UNDER
backfill,2026-04-26,TEX,ATH,,,HOME,,,,,,,,,,,,,1,UNDER,UNDER
backfill,2026-04-26,SD,AZ,,,AWAY,,,,,,,,,,,,,7,OVER,OVER
backfill,2026-04-26,AZ,SD,,,HOME,,,,,,,,,,,,,12,OVER,OVER
backfill,2026-04-26,MIA,SF,,,AWAY,,,,,,,,,,,,,3,UNDER,UNDER
backfill,2026-04-26,SF,MIA,,,HOME,,,,,,,,,,,,,6,OVER,OVER
backfill,2026-04-26,LAA,KC,,,AWAY,,,,,,,,,,,,,9,OVER,OVER
backfill,2026-04-26,KC,LAA,,,HOME,,,,,,,,,,,,,11,OVER,OVER
backfill,2026-04-26,CHC,LAD,,,AWAY,,,,,,,,,,,,,0,UNDER,UNDER
backfill,2026-04-26,LAD,CHC,,,HOME,,,,,,,,,,,,,6,OVER,OVER
backfill,2026-04-25,BOS,BAL,,,AWAY,,,,,,,,,,,,,17,OVER,OVER
backfill,2026-04-25,BAL,BOS,,,HOME,,,,,,,,,,,,,1,UNDER,UNDER
backfill,2026-04-25,SEA,STL,,,AWAY,,,,,,,,,,,,,11,OVER,OVER
backfill,2026-04-25,STL,SEA,,,HOME,,,,,,,,,,,,,9,OVER,OVER
backfill,2026-04-25,CLE,TOR,,,AWAY,,,,,,,,,,,,,3,UNDER,UNDER
backfill,2026-04-25,TOR,CLE,,,HOME,,,,,,,,,,,,,5,OVER,OVER
backfill,2026-04-25,MIA,SF,,,AWAY,,,,,,,,,,,,,2,UNDER,UNDER
backfill,2026-04-25,SF,MIA,,,HOME,,,,,,,,,,,,,6,OVER,OVER
backfill,2026-04-25,MIN,TB,,,AWAY,,,,,,,,,,,,,1,UNDER,UNDER
backfill,2026-04-25,TB,MIN,,,HOME,,,,,,,,,,,,,6,OVER,OVER
backfill,2026-04-25,WSH,CWS,,,AWAY,,,,,,,,,,,,,6,OVER,OVER
backfill,2026-04-25,CWS,WSH,,,HOME,,,,,,,,,,,,,3,UNDER,UNDER
backfill,2026-04-25,SD,AZ,,,AWAY,,,,,,,,,,,,,6,OVER,OVER
backfill,2026-04-25,AZ,SD,,,HOME,,,,,,,,,,,,,4,OVER,UNDER
backfill,2026-04-25,ATH,TEX,,,AWAY,,,,,,,,,,,,,3,UNDER,UNDER
backfill,2026-04-25,TEX,ATH,,,HOME,,,,,,,,,,,,,4,OVER,UNDER
backfill,2026-04-25,LAA,KC,,,AWAY,,,,,,,,,,,,,1,UNDER,UNDER
backfill,2026-04-25,KC,LAA,,,HOME,,,,,,,,,,,,,12,OVER,OVER
backfill,2026-04-25,NYY,HOU,,,AWAY,,,,,,,,,,,,,8,OVER,OVER
backfill,2026-04-25,HOU,NYY,,,HOME,,,,,,,,,,,,,3,UNDER,UNDER
backfill,2026-04-25,PIT,MIL,,,AWAY,,,,,,,,,,,,,6,OVER,OVER
backfill,2026-04-25,MIL,PIT,,,HOME,,,,,,,,,,,,,3,UNDER,UNDER
backfill,2026-04-25,DET,CIN,,,AWAY,,,,,,,,,,,,,2,UNDER,UNDER
backfill,2026-04-25,CIN,DET,,,HOME,,,,,,,,,,,,,9,OVER,OVER
backfill,2026-04-25,CHC,LAD,,,AWAY,,,,,,,,,,,,,4,OVER,UNDER
backfill,2026-04-25,LAD,CHC,,,HOME,,,,,,,,,,,,,12,OVER,OVER
backfill,2026-04-25,PHI,ATL,,,AWAY,,,,,,,,,,,,,8,OVER,OVER
backfill,2026-04-25,ATL,PHI,,,HOME,,,,,,,,,,,,,5,OVER,OVER
backfill,2026-04-24,DET,CIN,,,AWAY,,,,,,,,,,,,,8,OVER,OVER
backfill,2026-04-24,CIN,DET,,,HOME,,,,,,,,,,,,,9,OVER,OVER
backfill,2026-04-24,BOS,BAL,,,AWAY,,,,,,,,,,,,,3,UNDER,UNDER
backfill,2026-04-24,BAL,BOS,,,HOME,,,,,,,,,,,,,10,OVER,OVER
backfill,2026-04-24,CLE,TOR,,,AWAY,,,,,,,,,,,,,8,OVER,OVER
backfill,2026-04-24,TOR,CLE,,,HOME,,,,,,,,,,,,,6,OVER,OVER
backfill,2026-04-24,COL,NYM,,,AWAY,,,,,,,,,,,,,4,OVER,UNDER
backfill,2026-04-24,NYM,COL,,,HOME,,,,,,,,,,,,,3,UNDER,UNDER
backfill,2026-04-24,MIN,TB,,,AWAY,,,,,,,,,,,,,2,UNDER,UNDER
backfill,2026-04-24,TB,MIN,,,HOME,,,,,,,,,,,,,6,OVER,OVER
backfill,2026-04-24,PHI,ATL,,,AWAY,,,,,,,,,,,,,3,UNDER,UNDER
backfill,2026-04-24,ATL,PHI,,,HOME,,,,,,,,,,,,,5,OVER,OVER
backfill,2026-04-24,LAA,KC,,,AWAY,,,,,,,,,,,,,3,UNDER,UNDER
backfill,2026-04-24,KC,LAA,,,HOME,,,,,,,,,,,,,6,OVER,OVER
backfill,2026-04-24,WSH,CWS,,,AWAY,,,,,,,,,,,,,4,OVER,UNDER
backfill,2026-04-24,CWS,WSH,,,HOME,,,,,,,,,,,,,5,OVER,OVER
backfill,2026-04-24,PIT,MIL,,,AWAY,,,,,,,,,,,,,6,OVER,OVER
backfill,2026-04-24,MIL,PIT,,,HOME,,,,,,,,,,,,,0,UNDER,UNDER
backfill,2026-04-24,ATH,TEX,,,AWAY,,,,,,,,,,,,,8,OVER,OVER
backfill,2026-04-24,TEX,ATH,,,HOME,,,,,,,,,,,,,1,UNDER,UNDER
backfill,2026-04-24,NYY,HOU,,,AWAY,,,,,,,,,,,,,12,OVER,OVER
backfill,2026-04-24,HOU,NYY,,,HOME,,,,,,,,,,,,,4,OVER,UNDER
backfill,2026-04-24,SEA,STL,,,AWAY,,,,,,,,,,,,,3,UNDER,UNDER
backfill,2026-04-24,STL,SEA,,,HOME,,,,,,,,,,,,,2,UNDER,UNDER
backfill,2026-04-24,CHC,LAD,,,AWAY,,,,,,,,,,,,,6,OVER,OVER
backfill,2026-04-24,LAD,CHC,,,HOME,,,,,,,,,,,,,4,OVER,UNDER
backfill,2026-04-24,MIA,SF,,,AWAY,,,,,,,,,,,,,9,OVER,OVER
backfill,2026-04-24,SF,MIA,,,HOME,,,,,,,,,,,,,4,OVER,UNDER
backfill,2026-04-23,ATL,WSH,,,AWAY,,,,,,,,,,,,,7,OVER,OVER
backfill,2026-04-23,WSH,ATL,,,HOME,,,,,,,,,,,,,2,UNDER,UNDER
backfill,2026-04-23,MIL,DET,,,AWAY,,,,,,,,,,,,,4,OVER,UNDER
backfill,2026-04-23,DET,MIL,,,HOME,,,,,,,,,,,,,5,OVER,OVER
backfill,2026-04-23,PHI,CHC,,,AWAY,,,,,,,,,,,,,7,OVER,OVER
backfill,2026-04-23,CHC,PHI,,,HOME,,,,,,,,,,,,,8,OVER,OVER
backfill,2026-04-23,SD,COL,,,AWAY,,,,,,,,,,,,,10,OVER,OVER
backfill,2026-04-23,COL,SD,,,HOME,,,,,,,,,,,,,8,OVER,OVER
backfill,2026-04-23,CWS,AZ,,,AWAY,,,,,,,,,,,,,4,OVER,UNDER
backfill,2026-04-23,AZ,CWS,,,HOME,,,,,,,,,,,,,1,UNDER,UNDER
backfill,2026-04-23,LAD,SF,,,AWAY,,,,,,,,,,,,,3,UNDER,UNDER
backfill,2026-04-23,SF,LAD,,,HOME,,,,,,,,,,,,,0,UNDER,UNDER
backfill,2026-04-23,NYY,BOS,,,AWAY,,,,,,,,,,,,,4,OVER,UNDER
backfill,2026-04-23,BOS,NYY,,,HOME,,,,,,,,,,,,,2,UNDER,UNDER
backfill,2026-04-23,MIN,NYM,,,AWAY,,,,,,,,,,,,,8,OVER,OVER
backfill,2026-04-23,NYM,MIN,,,HOME,,,,,,,,,,,,,10,OVER,OVER
backfill,2026-04-23,PIT,TEX,,,AWAY,,,,,,,,,,,,,1,UNDER,UNDER
backfill,2026-04-23,TEX,PIT,,,HOME,,,,,,,,,,,,,6,OVER,OVER
backfill,2026-04-22,STL,MIA,,,AWAY,,,,,,,,,,,,,1,UNDER,UNDER
backfill,2026-04-22,MIA,STL,,,HOME,,,,,,,,,,,,,4,OVER,UNDER
backfill,2026-04-22,HOU,CLE,,,AWAY,,,,,,,,,,,,,2,UNDER,UNDER
backfill,2026-04-22,CLE,HOU,,,HOME,,,,,,,,,,,,,0,UNDER,UNDER
backfill,2026-04-22,CIN,TB,,,AWAY,,,,,,,,,,,,,1,UNDER,UNDER
backfill,2026-04-22,TB,CIN,,,HOME,,,,,,,,,,,,,6,OVER,OVER
backfill,2026-04-22,BAL,KC,,,AWAY,,,,,,,,,,,,,8,OVER,OVER
backfill,2026-04-22,KC,BAL,,,HOME,,,,,,,,,,,,,6,OVER,OVER
backfill,2026-04-22,TOR,LAA,,,AWAY,,,,,,,,,,,,,3,UNDER,UNDER
backfill,2026-04-22,LAA,TOR,,,HOME,,,,,,,,,,,,,7,OVER,OVER
backfill,2026-04-22,ATH,SEA,,,AWAY,,,,,,,,,,,,,4,OVER,UNDER
backfill,2026-04-22,SEA,ATH,,,HOME,,,,,,,,,,,,,5,OVER,OVER
backfill,2026-04-22,MIL,DET,,,AWAY,,,,,,,,,,,,,2,UNDER,UNDER
backfill,2026-04-22,DET,MIL,,,HOME,,,,,,,,,,,,,5,OVER,OVER
backfill,2026-04-22,ATL,WSH,,,AWAY,,,,,,,,,,,,,8,OVER,OVER
backfill,2026-04-22,WSH,ATL,,,HOME,,,,,,,,,,,,,6,OVER,OVER
backfill,2026-04-22,NYY,BOS,,,AWAY,,,,,,,,,,,,,4,OVER,UNDER
backfill,2026-04-22,BOS,NYY,,,HOME,,,,,,,,,,,,,1,UNDER,UNDER
backfill,2026-04-22,MIN,NYM,,,AWAY,,,,,,,,,,,,,2,UNDER,UNDER
backfill,2026-04-22,NYM,MIN,,,HOME,,,,,,,,,,,,,3,UNDER,UNDER
backfill,2026-04-22,PHI,CHC,,,AWAY,,,,,,,,,,,,,2,UNDER,UNDER
backfill,2026-04-22,CHC,PHI,,,HOME,,,,,,,,,,,,,7,OVER,OVER
backfill,2026-04-22,PIT,TEX,,,AWAY,,,,,,,,,,,,,8,OVER,OVER
backfill,2026-04-22,TEX,PIT,,,HOME,,,,,,,,,,,,,4,OVER,UNDER
backfill,2026-04-22,SD,COL,,,AWAY,,,,,,,,,,,,,3,UNDER,UNDER
backfill,2026-04-22,COL,SD,,,HOME,,,,,,,,,,,,,8,OVER,OVER
backfill,2026-04-22,CWS,AZ,,,AWAY,,,,,,,,,,,,,7,OVER,OVER
backfill,2026-04-22,AZ,CWS,,,HOME,,,,,,,,,,,,,11,OVER,OVER
backfill,2026-04-22,LAD,SF,,,AWAY,,,,,,,,,,,,,0,UNDER,UNDER
backfill,2026-04-22,SF,LAD,,,HOME,,,,,,,,,,,,,3,UNDER,UNDER
backfill,2026-04-21,HOU,CLE,,,AWAY,,,,,,,,,,,,,5,OVER,OVER
backfill,2026-04-21,CLE,HOU,,,HOME,,,,,,,,,,,,,8,OVER,OVER
backfill,2026-04-21,CIN,TB,,,AWAY,,,,,,,,,,,,,12,OVER,OVER
backfill,2026-04-21,TB,CIN,,,HOME,,,,,,,,,,,,,6,OVER,OVER
backfill,2026-04-21,STL,MIA,,,AWAY,,,,,,,,,,,,,5,OVER,OVER
backfill,2026-04-21,MIA,STL,,,HOME,,,,,,,,,,,,,3,UNDER,UNDER
backfill,2026-04-21,MIL,DET,,,AWAY,,,,,,,,,,,,,12,OVER,OVER
backfill,2026-04-21,DET,MIL,,,HOME,,,,,,,,,,,,,4,OVER,UNDER
backfill,2026-04-21,ATL,WSH,,,AWAY,,,,,,,,,,,,,4,OVER,UNDER
backfill,2026-04-21,WSH,ATL,,,HOME,,,,,,,,,,,,,11,OVER,OVER
backfill,2026-04-21,NYY,BOS,,,AWAY,,,,,,,,,,,,,4,OVER,UNDER
backfill,2026-04-21,BOS,NYY,,,HOME,,,,,,,,,,,,,0,UNDER,UNDER
backfill,2026-04-21,MIN,NYM,,,AWAY,,,,,,,,,,,,,5,OVER,OVER
backfill,2026-04-21,NYM,MIN,,,HOME,,,,,,,,,,,,,3,UNDER,UNDER
backfill,2026-04-21,BAL,KC,,,AWAY,,,,,,,,,,,,,5,OVER,OVER
backfill,2026-04-21,KC,BAL,,,HOME,,,,,,,,,,,,,6,OVER,OVER
backfill,2026-04-21,PHI,CHC,,,AWAY,,,,,,,,,,,,,4,OVER,UNDER
backfill,2026-04-21,CHC,PHI,,,HOME,,,,,,,,,,,,,7,OVER,OVER
backfill,2026-04-21,PIT,TEX,,,AWAY,,,,,,,,,,,,,1,UNDER,UNDER
backfill,2026-04-21,TEX,PIT,,,HOME,,,,,,,,,,,,,5,OVER,OVER
backfill,2026-04-21,SD,COL,,,AWAY,,,,,,,,,,,,,1,UNDER,UNDER
backfill,2026-04-21,COL,SD,,,HOME,,,,,,,,,,,,,0,UNDER,UNDER
backfill,2026-04-21,TOR,LAA,,,AWAY,,,,,,,,,,,,,4,OVER,UNDER
backfill,2026-04-21,LAA,TOR,,,HOME,,,,,,,,,,,,,2,UNDER,UNDER
backfill,2026-04-21,ATH,SEA,,,AWAY,,,,,,,,,,,,,5,OVER,OVER
backfill,2026-04-21,SEA,ATH,,,HOME,,,,,,,,,,,,,2,UNDER,UNDER
backfill,2026-04-21,CWS,AZ,,,AWAY,,,,,,,,,,,,,11,OVER,OVER
backfill,2026-04-21,AZ,CWS,,,HOME,,,,,,,,,,,,,5,OVER,OVER
backfill,2026-04-21,LAD,SF,,,AWAY,,,,,,,,,,,,,1,UNDER,UNDER
backfill,2026-04-21,SF,LAD,,,HOME,,,,,,,,,,,,,3,UNDER,UNDER
backfill,2026-04-20,DET,BOS,,,AWAY,,,,,,,,,,,,,6,OVER,OVER
backfill,2026-04-20,BOS,DET,,,HOME,,,,,,,,,,,,,8,OVER,OVER
backfill,2026-04-20,HOU,CLE,,,AWAY,,,,,,,,,,,,,9,OVER,OVER
backfill,2026-04-20,CLE,HOU,,,HOME,,,,,,,,,,,,,2,UNDER,UNDER
backfill,2026-04-20,CIN,TB,,,AWAY,,,,,,,,,,,,,6,OVER,OVER
backfill,2026-04-20,TB,CIN,,,HOME,,,,,,,,,,,,,1,UNDER,UNDER
backfill,2026-04-20,STL,MIA,,,AWAY,,,,,,,,,,,,,3,UNDER,UNDER
backfill,2026-04-20,MIA,STL,,,HOME,,,,,,,,,,,,,5,OVER,OVER
backfill,2026-04-20,ATL,WSH,,,AWAY,,,,,,,,,,,,,9,OVER,OVER
backfill,2026-04-20,WSH,ATL,,,HOME,,,,,,,,,,,,,4,OVER,UNDER
backfill,2026-04-20,BAL,KC,,,AWAY,,,,,,,,,,,,,7,OVER,OVER
backfill,2026-04-20,KC,BAL,,,HOME,,,,,,,,,,,,,5,OVER,OVER
backfill,2026-04-20,PHI,CHC,,,AWAY,,,,,,,,,,,,,1,UNDER,UNDER
backfill,2026-04-20,CHC,PHI,,,HOME,,,,,,,,,,,,,5,OVER,OVER
backfill,2026-04-20,LAD,COL,,,AWAY,,,,,,,,,,,,,12,OVER,OVER
backfill,2026-04-20,COL,LAD,,,HOME,,,,,,,,,,,,,3,UNDER,UNDER
backfill,2026-04-20,TOR,LAA,,,AWAY,,,,,,,,,,,,,5,OVER,OVER
backfill,2026-04-20,LAA,TOR,,,HOME,,,,,,,,,,,,,2,UNDER,UNDER
backfill,2026-04-20,ATH,SEA,,,AWAY,,,,,,,,,,,,,6,OVER,OVER
backfill,2026-04-20,SEA,ATH,,,HOME,,,,,,,,,,,,,4,OVER,UNDER
backfill,2026-04-19,SF,WSH,,,AWAY,,,,,,,,,,,,,0,UNDER,UNDER
backfill,2026-04-19,WSH,SF,,,HOME,,,,,,,,,,,,,3,UNDER,UNDER
backfill,2026-04-19,TB,PIT,,,AWAY,,,,,,,,,,,,,3,UNDER,UNDER
backfill,2026-04-19,PIT,TB,,,HOME,,,,,,,,,,,,,6,OVER,OVER
backfill,2026-04-19,KC,NYY,,,AWAY,,,,,,,,,,,,,0,UNDER,UNDER
backfill,2026-04-19,NYY,KC,,,HOME,,,,,,,,,,,,,7,OVER,OVER
backfill,2026-04-19,BAL,CLE,,,AWAY,,,,,,,,,,,,,4,OVER,UNDER
backfill,2026-04-19,CLE,BAL,,,HOME,,,,,,,,,,,,,8,OVER,OVER
backfill,2026-04-19,MIL,MIA,,,AWAY,,,,,,,,,,,,,3,UNDER,UNDER
backfill,2026-04-19,MIA,MIL,,,HOME,,,,,,,,,,,,,5,OVER,OVER
backfill,2026-04-19,STL,HOU,,,AWAY,,,,,,,,,,,,,7,OVER,OVER
backfill,2026-04-19,HOU,STL,,,HOME,,,,,,,,,,,,,5,OVER,OVER
backfill,2026-04-19,CIN,MIN,,,AWAY,,,,,,,,,,,,,7,OVER,OVER
backfill,2026-04-19,MIN,CIN,,,HOME,,,,,,,,,,,,,4,OVER,UNDER
backfill,2026-04-19,NYM,CHC,,,AWAY,,,,,,,,,,,,,1,UNDER,UNDER
backfill,2026-04-19,CHC,NYM,,,HOME,,,,,,,,,,,,,2,UNDER,UNDER
backfill,2026-04-19,LAD,COL,,,AWAY,,,,,,,,,,,,,6,OVER,OVER
backfill,2026-04-19,COL,LAD,,,HOME,,,,,,,,,,,,,9,OVER,OVER
backfill,2026-04-19,CWS,ATH,,,AWAY,,,,,,,,,,,,,7,OVER,OVER
backfill,2026-04-19,ATH,CWS,,,HOME,,,,,,,,,,,,,4,OVER,UNDER
backfill,2026-04-19,SD,LAA,,,AWAY,,,,,,,,,,,,,2,UNDER,UNDER
backfill,2026-04-19,LAA,SD,,,HOME,,,,,,,,,,,,,1,UNDER,UNDER
backfill,2026-04-19,TEX,SEA,,,AWAY,,,,,,,,,,,,,2,UNDER,UNDER
backfill,2026-04-19,SEA,TEX,,,HOME,,,,,,,,,,,,,5,OVER,OVER
backfill,2026-04-19,TOR,AZ,,,AWAY,,,,,,,,,,,,,10,OVER,OVER
backfill,2026-04-19,AZ,TOR,,,HOME,,,,,,,,,,,,,4,OVER,UNDER
backfill,2026-04-19,DET,BOS,,,AWAY,,,,,,,,,,,,,6,OVER,OVER
backfill,2026-04-19,BOS,DET,,,HOME,,,,,,,,,,,,,2,UNDER,UNDER
backfill,2026-04-19,ATL,PHI,,,AWAY,,,,,,,,,,,,,4,OVER,UNDER
backfill,2026-04-19,PHI,ATL,,,HOME,,,,,,,,,,,,,2,UNDER,UNDER
backfill,2026-04-18,KC,NYY,,,AWAY,,,,,,,,,,,,,4,OVER,UNDER
backfill,2026-04-18,NYY,KC,,,HOME,,,,,,,,,,,,,13,OVER,OVER
backfill,2026-04-18,CIN,MIN,,,AWAY,,,,,,,,,,,,,5,OVER,OVER
backfill,2026-04-18,MIN,CIN,,,HOME,,,,,,,,,,,,,4,OVER,UNDER
backfill,2026-04-18,NYM,CHC,,,AWAY,,,,,,,,,,,,,2,UNDER,UNDER
backfill,2026-04-18,CHC,NYM,,,HOME,,,,,,,,,,,,,4,OVER,UNDER
backfill,2026-04-18,TB,PIT,,,AWAY,,,,,,,,,,,,,8,OVER,OVER
backfill,2026-04-18,PIT,TB,,,HOME,,,,,,,,,,,,,7,OVER,OVER
backfill,2026-04-18,SF,WSH,,,AWAY,,,,,,,,,,,,,7,OVER,OVER
backfill,2026-04-18,WSH,SF,,,HOME,,,,,,,,,,,,,6,OVER,OVER
backfill,2026-04-18,CWS,ATH,,,AWAY,,,,,,,,,,,,,6,OVER,OVER
backfill,2026-04-18,ATH,CWS,,,HOME,,,,,,,,,,,,,7,OVER,OVER
backfill,2026-04-18,DET,BOS,,,AWAY,,,,,,,,,,,,,4,OVER,UNDER
backfill,2026-04-18,BOS,DET,,,HOME,,,,,,,,,,,,,1,UNDER,UNDER
backfill,2026-04-18,MIL,MIA,,,AWAY,,,,,,,,,,,,,5,OVER,OVER
backfill,2026-04-18,MIA,MIL,,,HOME,,,,,,,,,,,,,2,UNDER,UNDER
backfill,2026-04-18,BAL,CLE,,,AWAY,,,,,,,,,,,,,2,UNDER,UNDER
backfill,2026-04-18,CLE,BAL,,,HOME,,,,,,,,,,,,,4,OVER,UNDER
backfill,2026-04-18,STL,HOU,,,AWAY,,,,,,,,,,,,,7,OVER,OVER
backfill,2026-04-18,HOU,STL,,,HOME,,,,,,,,,,,,,5,OVER,OVER
backfill,2026-04-18,TEX,SEA,,,AWAY,,,,,,,,,,,,,3,UNDER,UNDER
backfill,2026-04-18,SEA,TEX,,,HOME,,,,,,,,,,,,,7,OVER,OVER
backfill,2026-04-18,ATL,PHI,,,AWAY,,,,,,,,,,,,,3,UNDER,UNDER
backfill,2026-04-18,PHI,ATL,,,HOME,,,,,,,,,,,,,1,UNDER,UNDER
backfill,2026-04-18,LAD,COL,,,AWAY,,,,,,,,,,,,,3,UNDER,UNDER
backfill,2026-04-18,COL,LAD,,,HOME,,,,,,,,,,,,,4,OVER,UNDER
backfill,2026-04-18,TOR,AZ,,,AWAY,,,,,,,,,,,,,2,UNDER,UNDER
backfill,2026-04-18,AZ,TOR,,,HOME,,,,,,,,,,,,,6,OVER,OVER
backfill,2026-04-18,SD,LAA,,,AWAY,,,,,,,,,,,,,4,OVER,UNDER
backfill,2026-04-18,LAA,SD,,,HOME,,,,,,,,,,,,,1,UNDER,UNDER
backfill,2026-04-17,NYM,CHC,,,AWAY,,,,,,,,,,,,,4,OVER,UNDER
backfill,2026-04-17,CHC,NYM,,,HOME,,,,,,,,,,,,,12,OVER,OVER
backfill,2026-04-17,BAL,CLE,,,AWAY,,,,,,,,,,,,,6,OVER,OVER
backfill,2026-04-17,CLE,BAL,,,HOME,,,,,,,,,,,,,4,OVER,UNDER
backfill,2026-04-17,ATL,PHI,,,AWAY,,,,,,,,,,,,,9,OVER,OVER
backfill,2026-04-17,PHI,ATL,,,HOME,,,,,,,,,,,,,0,UNDER,UNDER
backfill,2026-04-17,SF,WSH,,,AWAY,,,,,,,,,,,,,10,OVER,OVER
backfill,2026-04-17,WSH,SF,,,HOME,,,,,,,,,,,,,5,OVER,OVER
backfill,2026-04-17,TB,PIT,,,AWAY,,,,,,,,,,,,,1,UNDER,UNDER
backfill,2026-04-17,PIT,TB,,,HOME,,,,,,,,,,,,,5,OVER,OVER
backfill,2026-04-17,KC,NYY,,,AWAY,,,,,,,,,,,,,2,UNDER,UNDER
backfill,2026-04-17,NYY,KC,,,HOME,,,,,,,,,,,,,4,OVER,UNDER
backfill,2026-04-17,MIL,MIA,,,AWAY,,,,,,,,,,,,,7,OVER,OVER
backfill,2026-04-17,MIA,MIL,,,HOME,,,,,,,,,,,,,5,OVER,OVER
backfill,2026-04-17,DET,BOS,,,AWAY,,,,,,,,,,,,,0,UNDER,UNDER
backfill,2026-04-17,BOS,DET,,,HOME,,,,,,,,,,,,,1,UNDER,UNDER
backfill,2026-04-17,STL,HOU,,,AWAY,,,,,,,,,,,,,9,OVER,OVER
backfill,2026-04-17,HOU,STL,,,HOME,,,,,,,,,,,,,4,OVER,UNDER
backfill,2026-04-17,CIN,MIN,,,AWAY,,,,,,,,,,,,,2,UNDER,UNDER
backfill,2026-04-17,MIN,CIN,,,HOME,,,,,,,,,,,,,1,UNDER,UNDER
backfill,2026-04-17,LAD,COL,,,AWAY,,,,,,,,,,,,,7,OVER,OVER
backfill,2026-04-17,COL,LAD,,,HOME,,,,,,,,,,,,,1,UNDER,UNDER
backfill,2026-04-17,SD,LAA,,,AWAY,,,,,,,,,,,,,0,UNDER,UNDER
backfill,2026-04-17,LAA,SD,,,HOME,,,,,,,,,,,,,8,OVER,OVER
backfill,2026-04-17,TEX,SEA,,,AWAY,,,,,,,,,,,,,5,OVER,OVER
backfill,2026-04-17,SEA,TEX,,,HOME,,,,,,,,,,,,,0,UNDER,UNDER
backfill,2026-04-17,TOR,AZ,,,AWAY,,,,,,,,,,,,,3,UNDER,UNDER
backfill,2026-04-17,AZ,TOR,,,HOME,,,,,,,,,,,,,6,OVER,OVER
backfill,2026-04-17,CWS,ATH,,,AWAY,,,,,,,,,,,,,9,OVER,OVER
backfill,2026-04-17,ATH,CWS,,,HOME,,,,,,,,,,,,,2,UNDER,UNDER
backfill,2026-04-16,WSH,PIT,,,AWAY,,,,,,,,,,,,,8,OVER,OVER
backfill,2026-04-16,PIT,WSH,,,HOME,,,,,,,,,,,,,7,OVER,OVER
backfill,2026-04-16,SF,CIN,,,AWAY,,,,,,,,,,,,,3,UNDER,UNDER
backfill,2026-04-16,CIN,SF,,,HOME,,,,,,,,,,,,,0,UNDER,UNDER
backfill,2026-04-16,KC,DET,,,AWAY,,,,,,,,,,,,,9,OVER,OVER
backfill,2026-04-16,DET,KC,,,HOME,,,,,,,,,,,,,10,OVER,OVER
backfill,2026-04-16,LAA,NYY,,,AWAY,,,,,,,,,,,,,11,OVER,OVER
backfill,2026-04-16,NYY,LAA,,,HOME,,,,,,,,,,,,,4,OVER,UNDER
backfill,2026-04-16,TOR,MIL,,,AWAY,,,,,,,,,,,,,1,UNDER,UNDER
backfill,2026-04-16,MIL,TOR,,,HOME,,,,,,,,,,,,,2,UNDER,UNDER
backfill,2026-04-16,TB,CWS,,,AWAY,,,,,,,,,,,,,5,OVER,OVER
backfill,2026-04-16,CWS,TB,,,HOME,,,,,,,,,,,,,3,UNDER,UNDER
backfill,2026-04-16,TEX,ATH,,,AWAY,,,,,,,,,,,,,9,OVER,OVER
backfill,2026-04-16,ATH,TEX,,,HOME,,,,,,,,,,,,,6,OVER,OVER
backfill,2026-04-16,BAL,CLE,,,AWAY,,,,,,,,,,,,,2,UNDER,UNDER
backfill,2026-04-16,CLE,BAL,,,HOME,,,,,,,,,,,,,4,OVER,UNDER
backfill,2026-04-16,COL,HOU,,,AWAY,,,,,,,,,,,,,3,UNDER,UNDER
backfill,2026-04-16,HOU,COL,,,HOME,,,,,,,,,,,,,2,UNDER,UNDER
backfill,2026-04-16,SEA,SD,,,AWAY,,,,,,,,,,,,,2,UNDER,UNDER
backfill,2026-04-16,SD,SEA,,,HOME,,,,,,,,,,,,,5,OVER,OVER
backfill,2026-04-15,AZ,BAL,,,AWAY,,,,,,,,,,,,,8,OVER,OVER
backfill,2026-04-15,BAL,AZ,,,HOME,,,,,,,,,,,,,5,OVER,OVER
backfill,2026-04-15,CLE,STL,,,AWAY,,,,,,,,,,,,,3,UNDER,UNDER
backfill,2026-04-15,STL,CLE,,,HOME,,,,,,,,,,,,,5,OVER,OVER
backfill,2026-04-15,BOS,MIN,,,AWAY,,,,,,,,,,,,,9,OVER,OVER
backfill,2026-04-15,MIN,BOS,,,HOME,,,,,,,,,,,,,5,OVER,OVER
backfill,2026-04-15,KC,DET,,,AWAY,,,,,,,,,,,,,1,UNDER,UNDER
backfill,2026-04-15,DET,KC,,,HOME,,,,,,,,,,,,,2,UNDER,UNDER
backfill,2026-04-15,WSH,PIT,,,AWAY,,,,,,,,,,,,,0,UNDER,UNDER
backfill,2026-04-15,PIT,WSH,,,HOME,,,,,,,,,,,,,2,UNDER,UNDER
backfill,2026-04-15,SF,CIN,,,AWAY,,,,,,,,,,,,,3,UNDER,UNDER
backfill,2026-04-15,CIN,SF,,,HOME,,,,,,,,,,,,,8,OVER,OVER
backfill,2026-04-15,CHC,PHI,,,AWAY,,,,,,,,,,,,,11,OVER,OVER
backfill,2026-04-15,PHI,CHC,,,HOME,,,,,,,,,,,,,2,UNDER,UNDER
backfill,2026-04-15,LAA,NYY,,,AWAY,,,,,,,,,,,,,4,OVER,UNDER
backfill,2026-04-15,NYY,LAA,,,HOME,,,,,,,,,,,,,5,OVER,OVER
backfill,2026-04-15,MIA,ATL,,,AWAY,,,,,,,,,,,,,3,UNDER,UNDER
backfill,2026-04-15,ATL,MIA,,,HOME,,,,,,,,,,,,,6,OVER,OVER
backfill,2026-04-15,TB,CWS,,,AWAY,,,,,,,,,,,,,8,OVER,OVER
backfill,2026-04-15,CWS,TB,,,HOME,,,,,,,,,,,,,3,UNDER,UNDER
backfill,2026-04-15,TOR,MIL,,,AWAY,,,,,,,,,,,,,1,UNDER,UNDER
backfill,2026-04-15,MIL,TOR,,,HOME,,,,,,,,,,,,,2,UNDER,UNDER
backfill,2026-04-15,COL,HOU,,,AWAY,,,,,,,,,,,,,1,UNDER,UNDER
backfill,2026-04-15,HOU,COL,,,HOME,,,,,,,,,,,,,3,UNDER,UNDER
backfill,2026-04-15,SEA,SD,,,AWAY,,,,,,,,,,,,,6,OVER,OVER
backfill,2026-04-15,SD,SEA,,,HOME,,,,,,,,,,,,,7,OVER,OVER
backfill,2026-04-15,TEX,ATH,,,AWAY,,,,,,,,,,,,,5,OVER,OVER
backfill,2026-04-15,ATH,TEX,,,HOME,,,,,,,,,,,,,6,OVER,OVER
backfill,2026-04-15,NYM,LAD,,,AWAY,,,,,,,,,,,,,2,UNDER,UNDER
backfill,2026-04-15,LAD,NYM,,,HOME,,,,,,,,,,,,,8,OVER,OVER
backfill,2026-04-14,AZ,BAL,,,AWAY,,,,,,,,,,,,,4,OVER,UNDER
backfill,2026-04-14,BAL,AZ,,,HOME,,,,,,,,,,,,,3,UNDER,UNDER
backfill,2026-04-14,KC,DET,,,AWAY,,,,,,,,,,,,,1,UNDER,UNDER
backfill,2026-04-14,DET,KC,,,HOME,,,,,,,,,,,,,2,UNDER,UNDER
backfill,2026-04-14,WSH,PIT,,,AWAY,,,,,,,,,,,,,5,OVER,OVER
backfill,2026-04-14,PIT,WSH,,,HOME,,,,,,,,,,,,,4,OVER,UNDER
backfill,2026-04-14,SF,CIN,,,AWAY,,,,,,,,,,,,,1,UNDER,UNDER
backfill,2026-04-14,CIN,SF,,,HOME,,,,,,,,,,,,,2,UNDER,UNDER
backfill,2026-04-14,CHC,PHI,,,AWAY,,,,,,,,,,,,,10,OVER,OVER
backfill,2026-04-14,PHI,CHC,,,HOME,,,,,,,,,,,,,4,OVER,UNDER
backfill,2026-04-14,LAA,NYY,,,AWAY,,,,,,,,,,,,,7,OVER,OVER
backfill,2026-04-14,NYY,LAA,,,HOME,,,,,,,,,,,,,1,UNDER,UNDER
backfill,2026-04-14,MIA,ATL,,,AWAY,,,,,,,,,,,,,5,OVER,OVER
backfill,2026-04-14,ATL,MIA,,,HOME,,,,,,,,,,,,,6,OVER,OVER
backfill,2026-04-14,BOS,MIN,,,AWAY,,,,,,,,,,,,,0,UNDER,UNDER
backfill,2026-04-14,MIN,BOS,,,HOME,,,,,,,,,,,,,6,OVER,OVER
backfill,2026-04-14,TB,CWS,,,AWAY,,,,,,,,,,,,,8,OVER,OVER
backfill,2026-04-14,CWS,TB,,,HOME,,,,,,,,,,,,,5,OVER,OVER
backfill,2026-04-14,TOR,MIL,,,AWAY,,,,,,,,,,,,,9,OVER,OVER
backfill,2026-04-14,MIL,TOR,,,HOME,,,,,,,,,,,,,7,OVER,OVER
backfill,2026-04-14,CLE,STL,,,AWAY,,,,,,,,,,,,,5,OVER,OVER
backfill,2026-04-14,STL,CLE,,,HOME,,,,,,,,,,,,,6,OVER,OVER
backfill,2026-04-14,COL,HOU,,,AWAY,,,,,,,,,,,,,6,OVER,OVER
backfill,2026-04-14,HOU,COL,,,HOME,,,,,,,,,,,,,7,OVER,OVER
backfill,2026-04-14,SEA,SD,,,AWAY,,,,,,,,,,,,,1,UNDER,UNDER
backfill,2026-04-14,SD,SEA,,,HOME,,,,,,,,,,,,,4,OVER,UNDER
backfill,2026-04-14,TEX,ATH,,,AWAY,,,,,,,,,,,,,1,UNDER,UNDER
backfill,2026-04-14,ATH,TEX,,,HOME,,,,,,,,,,,,,2,UNDER,UNDER
backfill,2026-04-14,NYM,LAD,,,AWAY,,,,,,,,,,,,,1,UNDER,UNDER
backfill,2026-04-14,LAD,NYM,,,HOME,,,,,,,,,,,,,2,UNDER,UNDER
backfill,2026-04-13,HOU,SEA,,,AWAY,,,,,,,,,,,,,2,UNDER,UNDER
backfill,2026-04-13,SEA,HOU,,,HOME,,,,,,,,,,,,,6,OVER,OVER
backfill,2026-04-13,AZ,BAL,,,AWAY,,,,,,,,,,,,,7,OVER,OVER
backfill,2026-04-13,BAL,AZ,,,HOME,,,,,,,,,,,,,9,OVER,OVER
backfill,2026-04-13,WSH,PIT,,,AWAY,,,,,,,,,,,,,5,OVER,OVER
backfill,2026-04-13,PIT,WSH,,,HOME,,,,,,,,,,,,,16,OVER,OVER
backfill,2026-04-13,CHC,PHI,,,AWAY,,,,,,,,,,,,,7,OVER,OVER
backfill,2026-04-13,PHI,CHC,,,HOME,,,,,,,,,,,,,13,OVER,OVER
backfill,2026-04-13,LAA,NYY,,,AWAY,,,,,,,,,,,,,10,OVER,OVER
backfill,2026-04-13,NYY,LAA,,,HOME,,,,,,,,,,,,,11,OVER,OVER
backfill,2026-04-13,MIA,ATL,,,AWAY,,,,,,,,,,,,,10,OVER,OVER
backfill,2026-04-13,ATL,MIA,,,HOME,,,,,,,,,,,,,4,OVER,UNDER
backfill,2026-04-13,BOS,MIN,,,AWAY,,,,,,,,,,,,,6,OVER,OVER
backfill,2026-04-13,MIN,BOS,,,HOME,,,,,,,,,,,,,13,OVER,OVER
backfill,2026-04-13,CLE,STL,,,AWAY,,,,,,,,,,,,,9,OVER,OVER
backfill,2026-04-13,STL,CLE,,,HOME,,,,,,,,,,,,,3,UNDER,UNDER
backfill,2026-04-13,TEX,ATH,,,AWAY,,,,,,,,,,,,,8,OVER,OVER
backfill,2026-04-13,ATH,TEX,,,HOME,,,,,,,,,,,,,1,UNDER,UNDER
backfill,2026-04-13,NYM,LAD,,,AWAY,,,,,,,,,,,,,0,UNDER,UNDER
backfill,2026-04-13,LAD,NYM,,,HOME,,,,,,,,,,,,,4,OVER,UNDER
backfill,2026-04-12,SF,BAL,,,AWAY,,,,,,,,,,,,,2,UNDER,UNDER
backfill,2026-04-12,BAL,SF,,,HOME,,,,,,,,,,,,,6,OVER,OVER
backfill,2026-04-12,AZ,PHI,,,AWAY,,,,,,,,,,,,,4,OVER,UNDER
backfill,2026-04-12,PHI,AZ,,,HOME,,,,,,,,,,,,,3,UNDER,UNDER
backfill,2026-04-12,MIN,TOR,,,AWAY,,,,,,,,,,,,,8,OVER,OVER
backfill,2026-04-12,TOR,MIN,,,HOME,,,,,,,,,,,,,2,UNDER,UNDER
backfill,2026-04-12,LAA,CIN,,,AWAY,,,,,,,,,,,,,9,OVER,OVER
backfill,2026-04-12,CIN,LAA,,,HOME,,,,,,,,,,,,,6,OVER,OVER
backfill,2026-04-12,ATH,NYM,,,AWAY,,,,,,,,,,,,,1,UNDER,UNDER
backfill,2026-04-12,NYM,ATH,,,HOME,,,,,,,,,,,,,0,UNDER,UNDER
backfill,2026-04-12,MIA,DET,,,AWAY,,,,,,,,,,,,,2,UNDER,UNDER
backfill,2026-04-12,DET,MIA,,,HOME,,,,,,,,,,,,,8,OVER,OVER
backfill,2026-04-12,NYY,TB,,,AWAY,,,,,,,,,,,,,4,OVER,UNDER
backfill,2026-04-12,TB,NYY,,,HOME,,,,,,,,,,,,,5,OVER,OVER
backfill,2026-04-12,CWS,KC,,,AWAY,,,,,,,,,,,,,6,OVER,OVER
backfill,2026-04-12,KC,CWS,,,HOME,,,,,,,,,,,,,5,OVER,OVER
backfill,2026-04-12,WSH,MIL,,,AWAY,,,,,,,,,,,,,8,OVER,OVER
backfill,2026-04-12,MIL,WSH,,,HOME,,,,,,,,,,,,,6,OVER,OVER
backfill,2026-04-12,BOS,STL,,,AWAY,,,,,,,,,,,,,9,OVER,OVER
backfill,2026-04-12,STL,BOS,,,HOME,,,,,,,,,,,,,3,UNDER,UNDER
backfill,2026-04-12,PIT,CHC,,,AWAY,,,,,,,,,,,,,6,OVER,OVER
backfill,2026-04-12,CHC,PIT,,,HOME,,,,,,,,,,,,,7,OVER,OVER
backfill,2026-04-12,COL,SD,,,AWAY,,,,,,,,,,,,,2,UNDER,UNDER
backfill,2026-04-12,SD,COL,,,HOME,,,,,,,,,,,,,7,OVER,OVER
backfill,2026-04-12,HOU,SEA,,,AWAY,,,,,,,,,,,,,1,UNDER,UNDER
backfill,2026-04-12,SEA,HOU,,,HOME,,,,,,,,,,,,,6,OVER,OVER
backfill,2026-04-12,TEX,LAD,,,AWAY,,,,,,,,,,,,,5,OVER,OVER
backfill,2026-04-12,LAD,TEX,,,HOME,,,,,,,,,,,,,2,UNDER,UNDER
backfill,2026-04-12,CLE,ATL,,,AWAY,,,,,,,,,,,,,1,UNDER,UNDER
backfill,2026-04-12,ATL,CLE,,,HOME,,,,,,,,,,,,,13,OVER,OVER
backfill,2026-04-11,AZ,PHI,,,AWAY,,,,,,,,,,,,,3,UNDER,UNDER
backfill,2026-04-11,PHI,AZ,,,HOME,,,,,,,,,,,,,4,OVER,UNDER
backfill,2026-04-11,MIA,DET,,,AWAY,,,,,,,,,,,,,1,UNDER,UNDER
backfill,2026-04-11,DET,MIA,,,HOME,,,,,,,,,,,,,6,OVER,OVER
backfill,2026-04-11,PIT,CHC,,,AWAY,,,,,,,,,,,,,4,OVER,UNDER
backfill,2026-04-11,CHC,PIT,,,HOME,,,,,,,,,,,,,3,UNDER,UNDER
backfill,2026-04-11,MIN,TOR,,,AWAY,,,,,,,,,,,,,7,OVER,OVER
backfill,2026-04-11,TOR,MIN,,,HOME,,,,,,,,,,,,,4,OVER,UNDER
backfill,2026-04-11,LAA,CIN,,,AWAY,,,,,,,,,,,,,3,UNDER,UNDER
backfill,2026-04-11,CIN,LAA,,,HOME,,,,,,,,,,,,,7,OVER,OVER
backfill,2026-04-11,ATH,NYM,,,AWAY,,,,,,,,,,,,,11,OVER,OVER
backfill,2026-04-11,NYM,ATH,,,HOME,,,,,,,,,,,,,6,OVER,OVER
backfill,2026-04-11,CWS,KC,,,AWAY,,,,,,,,,,,,,0,UNDER,UNDER
backfill,2026-04-11,KC,CWS,,,HOME,,,,,,,,,,,,,2,UNDER,UNDER
backfill,2026-04-11,NYY,TB,,,AWAY,,,,,,,,,,,,,4,OVER,UNDER
backfill,2026-04-11,TB,NYY,,,HOME,,,,,,,,,,,,,5,OVER,OVER
backfill,2026-04-11,WSH,MIL,,,AWAY,,,,,,,,,,,,,3,UNDER,UNDER
backfill,2026-04-11,MIL,WSH,,,HOME,,,,,,,,,,,,,1,UNDER,UNDER
backfill,2026-04-11,SF,BAL,,,AWAY,,,,,,,,,,,,,2,UNDER,UNDER
backfill,2026-04-11,BAL,SF,,,HOME,,,,,,,,,,,,,6,OVER,OVER
backfill,2026-04-11,BOS,STL,,,AWAY,,,,,,,,,,,,,7,OVER,OVER
backfill,2026-04-11,STL,BOS,,,HOME,,,,,,,,,,,,,1,UNDER,UNDER
backfill,2026-04-11,CLE,ATL,,,AWAY,,,,,,,,,,,,,6,OVER,OVER
backfill,2026-04-11,ATL,CLE,,,HOME,,,,,,,,,,,,,0,UNDER,UNDER
backfill,2026-04-11,COL,SD,,,AWAY,,,,,,,,,,,,,5,OVER,OVER
backfill,2026-04-11,SD,COL,,,HOME,,,,,,,,,,,,,9,OVER,OVER
backfill,2026-04-11,TEX,LAD,,,AWAY,,,,,,,,,,,,,3,UNDER,UNDER
backfill,2026-04-11,LAD,TEX,,,HOME,,,,,,,,,,,,,6,OVER,OVER
backfill,2026-04-11,HOU,SEA,,,AWAY,,,,,,,,,,,,,7,OVER,OVER
backfill,2026-04-11,SEA,HOU,,,HOME,,,,,,,,,,,,,8,OVER,OVER
backfill,2026-04-10,PIT,CHC,,,AWAY,,,,,,,,,,,,,2,UNDER,UNDER
backfill,2026-04-10,CHC,PIT,,,HOME,,,,,,,,,,,,,0,UNDER,UNDER
backfill,2026-04-10,AZ,PHI,,,AWAY,,,,,,,,,,,,,5,OVER,OVER
backfill,2026-04-10,PHI,AZ,,,HOME,,,,,,,,,,,,,4,OVER,UNDER
backfill,2026-04-10,MIA,DET,,,AWAY,,,,,,,,,,,,,0,UNDER,UNDER
backfill,2026-04-10,DET,MIA,,,HOME,,,,,,,,,,,,,2,UNDER,UNDER
backfill,2026-04-10,LAA,CIN,,,AWAY,,,,,,,,,,,,,10,OVER,OVER
backfill,2026-04-10,CIN,LAA,,,HOME,,,,,,,,,,,,,2,UNDER,UNDER
backfill,2026-04-10,MIN,TOR,,,AWAY,,,,,,,,,,,,,4,OVER,UNDER
backfill,2026-04-10,TOR,MIN,,,HOME,,,,,,,,,,,,,10,OVER,OVER
backfill,2026-04-10,ATH,NYM,,,AWAY,,,,,,,,,,,,,4,OVER,UNDER
backfill,2026-04-10,NYM,ATH,,,HOME,,,,,,,,,,,,,0,UNDER,UNDER
backfill,2026-04-10,NYY,TB,,,AWAY,,,,,,,,,,,,,3,UNDER,UNDER
backfill,2026-04-10,TB,NYY,,,HOME,,,,,,,,,,,,,5,OVER,OVER
backfill,2026-04-10,SF,BAL,,,AWAY,,,,,,,,,,,,,6,OVER,OVER
backfill,2026-04-10,BAL,SF,,,HOME,,,,,,,,,,,,,3,UNDER,UNDER
backfill,2026-04-10,CLE,ATL,,,AWAY,,,,,,,,,,,,,5,OVER,OVER
backfill,2026-04-10,ATL,CLE,,,HOME,,,,,,,,,,,,,11,OVER,OVER
backfill,2026-04-10,CWS,KC,,,AWAY,,,,,,,,,,,,,0,UNDER,UNDER
backfill,2026-04-10,KC,CWS,,,HOME,,,,,,,,,,,,,2,UNDER,UNDER
backfill,2026-04-10,WSH,MIL,,,AWAY,,,,,,,,,,,,,7,OVER,OVER
backfill,2026-04-10,MIL,WSH,,,HOME,,,,,,,,,,,,,3,UNDER,UNDER
backfill,2026-04-10,BOS,STL,,,AWAY,,,,,,,,,,,,,2,UNDER,UNDER
backfill,2026-04-10,STL,BOS,,,HOME,,,,,,,,,,,,,3,UNDER,UNDER
backfill,2026-04-10,COL,SD,,,AWAY,,,,,,,,,,,,,2,UNDER,UNDER
backfill,2026-04-10,SD,COL,,,HOME,,,,,,,,,,,,,5,OVER,OVER
backfill,2026-04-10,HOU,SEA,,,AWAY,,,,,,,,,,,,,6,OVER,OVER
backfill,2026-04-10,SEA,HOU,,,HOME,,,,,,,,,,,,,9,OVER,OVER
backfill,2026-04-10,TEX,LAD,,,AWAY,,,,,,,,,,,,,7,OVER,OVER
backfill,2026-04-10,LAD,TEX,,,HOME,,,,,,,,,,,,,8,OVER,OVER
backfill,2026-04-09,CIN,MIA,,,AWAY,,,,,,,,,,,,,1,UNDER,UNDER
backfill,2026-04-09,MIA,CIN,,,HOME,,,,,,,,,,,,,8,OVER,OVER
backfill,2026-04-09,ATH,NYY,,,AWAY,,,,,,,,,,,,,1,UNDER,UNDER
backfill,2026-04-09,NYY,ATH,,,HOME,,,,,,,,,,,,,0,UNDER,UNDER
backfill,2026-04-09,DET,MIN,,,AWAY,,,,,,,,,,,,,1,UNDER,UNDER
backfill,2026-04-09,MIN,DET,,,HOME,,,,,,,,,,,,,3,UNDER,UNDER
backfill,2026-04-09,AZ,NYM,,,AWAY,,,,,,,,,,,,,7,OVER,OVER
backfill,2026-04-09,NYM,AZ,,,HOME,,,,,,,,,,,,,1,UNDER,UNDER
backfill,2026-04-09,CWS,KC,,,AWAY,,,,,,,,,,,,,2,UNDER,UNDER
backfill,2026-04-09,KC,CWS,,,HOME,,,,,,,,,,,,,0,UNDER,UNDER
backfill,2026-04-09,COL,SD,,,AWAY,,,,,,,,,,,,,3,UNDER,UNDER
backfill,2026-04-09,SD,COL,,,HOME,,,,,,,,,,,,,7,OVER,OVER
backfill,2026-04-08,SD,PIT,,,AWAY,,,,,,,,,,,,,8,OVER,OVER
backfill,2026-04-08,PIT,SD,,,HOME,,,,,,,,,,,,,2,UNDER,UNDER
backfill,2026-04-08,KC,CLE,,,AWAY,,,,,,,,,,,,,2,UNDER,UNDER
backfill,2026-04-08,CLE,KC,,,HOME,,,,,,,,,,,,,10,OVER,OVER
backfill,2026-04-08,MIL,BOS,,,AWAY,,,,,,,,,,,,,0,UNDER,UNDER
backfill,2026-04-08,BOS,MIL,,,HOME,,,,,,,,,,,,,5,OVER,OVER
backfill,2026-04-08,BAL,CWS,,,AWAY,,,,,,,,,,,,,5,OVER,OVER
backfill,2026-04-08,CWS,BAL,,,HOME,,,,,,,,,,,,,3,UNDER,UNDER
backfill,2026-04-08,SEA,TEX,,,AWAY,,,,,,,,,,,,,0,UNDER,UNDER
backfill,2026-04-08,TEX,SEA,,,HOME,,,,,,,,,,,,,3,UNDER,UNDER
backfill,2026-04-08,LAD,TOR,,,AWAY,,,,,,,,,,,,,3,UNDER,UNDER
backfill,2026-04-08,TOR,LAD,,,HOME,,,,,,,,,,,,,4,OVER,UNDER
backfill,2026-04-08,HOU,COL,,,AWAY,,,,,,,,,,,,,1,UNDER,UNDER
backfill,2026-04-08,COL,HOU,,,HOME,,,,,,,,,,,,,9,OVER,OVER
backfill,2026-04-08,PHI,SF,,,AWAY,,,,,,,,,,,,,0,UNDER,UNDER
backfill,2026-04-08,SF,PHI,,,HOME,,,,,,,,,,,,,5,OVER,OVER
backfill,2026-04-08,STL,WSH,,,AWAY,,,,,,,,,,,,,6,OVER,OVER
backfill,2026-04-08,WSH,STL,,,HOME,,,,,,,,,,,,,1,UNDER,UNDER
backfill,2026-04-08,ATL,LAA,,,AWAY,,,,,,,,,,,,,8,OVER,OVER
backfill,2026-04-08,LAA,ATL,,,HOME,,,,,,,,,,,,,2,UNDER,UNDER
backfill,2026-04-08,AZ,NYM,,,AWAY,,,,,,,,,,,,,7,OVER,OVER
backfill,2026-04-08,NYM,AZ,,,HOME,,,,,,,,,,,,,2,UNDER,UNDER
backfill,2026-04-08,CHC,TB,,,AWAY,,,,,,,,,,,,,6,OVER,OVER
backfill,2026-04-08,TB,CHC,,,HOME,,,,,,,,,,,,,2,UNDER,UNDER
backfill,2026-04-08,CIN,MIA,,,AWAY,,,,,,,,,,,,,4,OVER,UNDER
backfill,2026-04-08,MIA,CIN,,,HOME,,,,,,,,,,,,,7,OVER,OVER
backfill,2026-04-08,ATH,NYY,,,AWAY,,,,,,,,,,,,,3,UNDER,UNDER
backfill,2026-04-08,NYY,ATH,,,HOME,,,,,,,,,,,,,2,UNDER,UNDER
backfill,2026-04-08,DET,MIN,,,AWAY,,,,,,,,,,,,,6,OVER,OVER
backfill,2026-04-08,MIN,DET,,,HOME,,,,,,,,,,,,,8,OVER,OVER
backfill,2026-04-07,KC,CLE,,,AWAY,,,,,,,,,,,,,1,UNDER,UNDER
backfill,2026-04-07,CLE,KC,,,HOME,,,,,,,,,,,,,2,UNDER,UNDER
backfill,2026-04-07,BAL,CWS,,,AWAY,,,,,,,,,,,,,4,OVER,UNDER
backfill,2026-04-07,CWS,BAL,,,HOME,,,,,,,,,,,,,2,UNDER,UNDER
backfill,2026-04-07,AZ,NYM,,,AWAY,,,,,,,,,,,,,3,UNDER,UNDER
backfill,2026-04-07,NYM,AZ,,,HOME,,,,,,,,,,,,,4,OVER,UNDER
backfill,2026-04-07,SD,PIT,,,AWAY,,,,,,,,,,,,,1,UNDER,UNDER
backfill,2026-04-07,PIT,SD,,,HOME,,,,,,,,,,,,,7,OVER,OVER
backfill,2026-04-07,CHC,TB,,,AWAY,,,,,,,,,,,,,9,OVER,OVER
backfill,2026-04-07,TB,CHC,,,HOME,,,,,,,,,,,,,2,UNDER,UNDER
backfill,2026-04-07,CIN,MIA,,,AWAY,,,,,,,,,,,,,6,OVER,OVER
backfill,2026-04-07,MIA,CIN,,,HOME,,,,,,,,,,,,,3,UNDER,UNDER
backfill,2026-04-07,STL,WSH,,,AWAY,,,,,,,,,,,,,7,OVER,OVER
backfill,2026-04-07,WSH,STL,,,HOME,,,,,,,,,,,,,6,OVER,OVER
backfill,2026-04-07,MIL,BOS,,,AWAY,,,,,,,,,,,,,2,UNDER,UNDER
backfill,2026-04-07,BOS,MIL,,,HOME,,,,,,,,,,,,,3,UNDER,UNDER
backfill,2026-04-07,ATH,NYY,,,AWAY,,,,,,,,,,,,,3,UNDER,UNDER
backfill,2026-04-07,NYY,ATH,,,HOME,,,,,,,,,,,,,5,OVER,OVER
backfill,2026-04-07,LAD,TOR,,,AWAY,,,,,,,,,,,,,4,OVER,UNDER
backfill,2026-04-07,TOR,LAD,,,HOME,,,,,,,,,,,,,1,UNDER,UNDER
backfill,2026-04-07,DET,MIN,,,AWAY,,,,,,,,,,,,,2,UNDER,UNDER
backfill,2026-04-07,MIN,DET,,,HOME,,,,,,,,,,,,,4,OVER,UNDER
backfill,2026-04-07,SEA,TEX,,,AWAY,,,,,,,,,,,,,2,UNDER,UNDER
backfill,2026-04-07,TEX,SEA,,,HOME,,,,,,,,,,,,,3,UNDER,UNDER
backfill,2026-04-07,HOU,COL,,,AWAY,,,,,,,,,,,,,1,UNDER,UNDER
backfill,2026-04-07,COL,HOU,,,HOME,,,,,,,,,,,,,5,OVER,OVER
backfill,2026-04-07,ATL,LAA,,,AWAY,,,,,,,,,,,,,7,OVER,OVER
backfill,2026-04-07,LAA,ATL,,,HOME,,,,,,,,,,,,,2,UNDER,UNDER
backfill,2026-04-07,PHI,SF,,,AWAY,,,,,,,,,,,,,0,UNDER,UNDER
backfill,2026-04-07,SF,PHI,,,HOME,,,,,,,,,,,,,6,OVER,OVER
backfill,2026-04-06,CHC,TB,,,AWAY,,,,,,,,,,,,,4,OVER,UNDER
backfill,2026-04-06,TB,CHC,,,HOME,,,,,,,,,,,,,6,OVER,OVER
backfill,2026-04-06,KC,CLE,,,AWAY,,,,,,,,,,,,,4,OVER,UNDER
backfill,2026-04-06,CLE,KC,,,HOME,,,,,,,,,,,,,2,UNDER,UNDER
backfill,2026-04-06,SD,PIT,,,AWAY,,,,,,,,,,,,,5,OVER,OVER
backfill,2026-04-06,PIT,SD,,,HOME,,,,,,,,,,,,,0,UNDER,UNDER
backfill,2026-04-06,CIN,MIA,,,AWAY,,,,,,,,,,,,,2,UNDER,UNDER
backfill,2026-04-06,MIA,CIN,,,HOME,,,,,,,,,,,,,0,UNDER,UNDER
backfill,2026-04-06,STL,WSH,,,AWAY,,,,,,,,,,,,,6,OVER,OVER
backfill,2026-04-06,WSH,STL,,,HOME,,,,,,,,,,,,,9,OVER,OVER
backfill,2026-04-06,MIL,BOS,,,AWAY,,,,,,,,,,,,,8,OVER,OVER
backfill,2026-04-06,BOS,MIL,,,HOME,,,,,,,,,,,,,6,OVER,OVER
backfill,2026-04-06,LAD,TOR,,,AWAY,,,,,,,,,,,,,14,OVER,OVER
backfill,2026-04-06,TOR,LAD,,,HOME,,,,,,,,,,,,,2,UNDER,UNDER
backfill,2026-04-06,DET,MIN,,,AWAY,,,,,,,,,,,,,3,UNDER,UNDER
backfill,2026-04-06,MIN,DET,,,HOME,,,,,,,,,,,,,7,OVER,OVER
backfill,2026-04-06,BAL,CWS,,,AWAY,,,,,,,,,,,,,2,UNDER,UNDER
backfill,2026-04-06,CWS,BAL,,,HOME,,,,,,,,,,,,,1,UNDER,UNDER
backfill,2026-04-06,SEA,TEX,,,AWAY,,,,,,,,,,,,,1,UNDER,UNDER
backfill,2026-04-06,TEX,SEA,,,HOME,,,,,,,,,,,,,2,UNDER,UNDER
backfill,2026-04-06,HOU,COL,,,AWAY,,,,,,,,,,,,,7,OVER,OVER
backfill,2026-04-06,COL,HOU,,,HOME,,,,,,,,,,,,,9,OVER,OVER
backfill,2026-04-06,ATL,LAA,,,AWAY,,,,,,,,,,,,,2,UNDER,UNDER
backfill,2026-04-06,LAA,ATL,,,HOME,,,,,,,,,,,,,6,OVER,OVER
backfill,2026-04-06,PHI,SF,,,AWAY,,,,,,,,,,,,,6,OVER,OVER
backfill,2026-04-06,SF,PHI,,,HOME,,,,,,,,,,,,,4,OVER,UNDER
backfill,2026-04-05,CHC,CLE,,,AWAY,,,,,,,,,,,,,1,UNDER,UNDER
backfill,2026-04-05,CLE,CHC,,,HOME,,,,,,,,,,,,,0,UNDER,UNDER
backfill,2026-04-05,CHC,CLE,,,AWAY,,,,,,,,,,,,,5,OVER,OVER
backfill,2026-04-05,CLE,CHC,,,HOME,,,,,,,,,,,,,6,OVER,OVER
backfill,2026-04-05,LAD,WSH,,,AWAY,,,,,,,,,,,,,8,OVER,OVER
backfill,2026-04-05,WSH,LAD,,,HOME,,,,,,,,,,,,,6,OVER,OVER
backfill,2026-04-05,BAL,PIT,,,AWAY,,,,,,,,,,,,,2,UNDER,UNDER
backfill,2026-04-05,PIT,BAL,,,HOME,,,,,,,,,,,,,8,OVER,OVER
backfill,2026-04-05,SD,BOS,,,AWAY,,,,,,,,,,,,,8,OVER,OVER
backfill,2026-04-05,BOS,SD,,,HOME,,,,,,,,,,,,,6,OVER,OVER
backfill,2026-04-05,MIA,NYY,,,AWAY,,,,,,,,,,,,,7,OVER,OVER
backfill,2026-04-05,NYY,MIA,,,HOME,,,,,,,,,,,,,6,OVER,OVER
backfill,2026-04-05,TB,MIN,,,AWAY,,,,,,,,,,,,,4,OVER,UNDER
backfill,2026-04-05,MIN,TB,,,HOME,,,,,,,,,,,,,1,UNDER,UNDER
backfill,2026-04-05,TOR,CWS,,,AWAY,,,,,,,,,,,,,0,UNDER,UNDER
backfill,2026-04-05,CWS,TOR,,,HOME,,,,,,,,,,,,,3,UNDER,UNDER
backfill,2026-04-05,MIL,KC,,,AWAY,,,,,,,,,,,,,8,OVER,OVER
backfill,2026-04-05,KC,MIL,,,HOME,,,,,,,,,,,,,5,OVER,OVER
backfill,2026-04-05,CIN,TEX,,,AWAY,,,,,,,,,,,,,2,UNDER,UNDER
backfill,2026-04-05,TEX,CIN,,,HOME,,,,,,,,,,,,,1,UNDER,UNDER
backfill,2026-04-05,PHI,COL,,,AWAY,,,,,,,,,,,,,1,UNDER,UNDER
backfill,2026-04-05,COL,PHI,,,HOME,,,,,,,,,,,,,4,OVER,UNDER
backfill,2026-04-05,HOU,ATH,,,AWAY,,,,,,,,,,,,,10,OVER,OVER
backfill,2026-04-05,ATH,HOU,,,HOME,,,,,,,,,,,,,12,OVER,OVER
backfill,2026-04-05,NYM,SF,,,AWAY,,,,,,,,,,,,,5,OVER,OVER
backfill,2026-04-05,SF,NYM,,,HOME,,,,,,,,,,,,,2,UNDER,UNDER
backfill,2026-04-05,SEA,LAA,,,AWAY,,,,,,,,,,,,,7,OVER,OVER
backfill,2026-04-05,LAA,SEA,,,HOME,,,,,,,,,,,,,8,OVER,OVER
backfill,2026-04-05,ATL,AZ,,,AWAY,,,,,,,,,,,,,5,OVER,OVER
backfill,2026-04-05,AZ,ATL,,,HOME,,,,,,,,,,,,,6,OVER,OVER
backfill,2026-04-05,STL,DET,,,AWAY,,,,,,,,,,,,,5,OVER,OVER
backfill,2026-04-05,DET,STL,,,HOME,,,,,,,,,,,,,3,UNDER,UNDER
backfill,2026-04-04,TOR,CWS,,,AWAY,,,,,,,,,,,,,3,UNDER,UNDER
backfill,2026-04-04,CWS,TOR,,,HOME,,,,,,,,,,,,,6,OVER,OVER
backfill,2026-04-04,MIL,KC,,,AWAY,,,,,,,,,,,,,5,OVER,OVER
backfill,2026-04-04,KC,MIL,,,HOME,,,,,,,,,,,,,2,UNDER,UNDER
backfill,2026-04-04,MIL,KC,,,AWAY,,,,,,,,,,,,,2,UNDER,UNDER
backfill,2026-04-04,KC,MIL,,,HOME,,,,,,,,,,,,,8,OVER,OVER
backfill,2026-04-04,LAD,WSH,,,AWAY,,,,,,,,,,,,,10,OVER,OVER
backfill,2026-04-04,WSH,LAD,,,HOME,,,,,,,,,,,,,5,OVER,OVER
backfill,2026-04-04,HOU,ATH,,,AWAY,,,,,,,,,,,,,11,OVER,OVER
backfill,2026-04-04,ATH,HOU,,,HOME,,,,,,,,,,,,,0,UNDER,UNDER
backfill,2026-04-04,BAL,PIT,,,AWAY,,,,,,,,,,,,,2,UNDER,UNDER
backfill,2026-04-04,PIT,BAL,,,HOME,,,,,,,,,,,,,3,UNDER,UNDER
backfill,2026-04-04,SD,BOS,,,AWAY,,,,,,,,,,,,,3,UNDER,UNDER
backfill,2026-04-04,BOS,SD,,,HOME,,,,,,,,,,,,,2,UNDER,UNDER
backfill,2026-04-04,CIN,TEX,,,AWAY,,,,,,,,,,,,,2,UNDER,UNDER
backfill,2026-04-04,TEX,CIN,,,HOME,,,,,,,,,,,,,0,UNDER,UNDER
backfill,2026-04-04,MIA,NYY,,,AWAY,,,,,,,,,,,,,7,OVER,OVER
backfill,2026-04-04,NYY,MIA,,,HOME,,,,,,,,,,,,,9,OVER,OVER
backfill,2026-04-04,TB,MIN,,,AWAY,,,,,,,,,,,,,7,OVER,OVER
backfill,2026-04-04,MIN,TB,,,HOME,,,,,,,,,,,,,1,UNDER,UNDER
backfill,2026-04-04,ATL,AZ,,,AWAY,,,,,,,,,,,,,1,UNDER,UNDER
backfill,2026-04-04,AZ,ATL,,,HOME,,,,,,,,,,,,,2,UNDER,UNDER
backfill,2026-04-04,PHI,COL,,,AWAY,,,,,,,,,,,,,2,UNDER,UNDER
backfill,2026-04-04,COL,PHI,,,HOME,,,,,,,,,,,,,1,UNDER,UNDER
backfill,2026-04-04,NYM,SF,,,AWAY,,,,,,,,,,,,,9,OVER,OVER
backfill,2026-04-04,SF,NYM,,,HOME,,,,,,,,,,,,,0,UNDER,UNDER
backfill,2026-04-04,SEA,LAA,,,AWAY,,,,,,,,,,,,,0,UNDER,UNDER
backfill,2026-04-04,LAA,SEA,,,HOME,,,,,,,,,,,,,1,UNDER,UNDER
backfill,2026-04-03,LAD,WSH,,,AWAY,,,,,,,,,,,,,13,OVER,OVER
backfill,2026-04-03,WSH,LAD,,,HOME,,,,,,,,,,,,,6,OVER,OVER
backfill,2026-04-03,STL,DET,,,AWAY,,,,,,,,,,,,,0,UNDER,UNDER
backfill,2026-04-03,DET,STL,,,HOME,,,,,,,,,,,,,4,OVER,UNDER
backfill,2026-04-03,MIA,NYY,,,AWAY,,,,,,,,,,,,,2,UNDER,UNDER
backfill,2026-04-03,NYY,MIA,,,HOME,,,,,,,,,,,,,8,OVER,OVER
backfill,2026-04-03,SD,BOS,,,AWAY,,,,,,,,,,,,,2,UNDER,UNDER
backfill,2026-04-03,BOS,SD,,,HOME,,,,,,,,,,,,,5,OVER,OVER
backfill,2026-04-03,TOR,CWS,,,AWAY,,,,,,,,,,,,,4,OVER,UNDER
backfill,2026-04-03,CWS,TOR,,,HOME,,,,,,,,,,,,,5,OVER,OVER
backfill,2026-04-03,CIN,TEX,,,AWAY,,,,,,,,,,,,,5,OVER,OVER
backfill,2026-04-03,TEX,CIN,,,HOME,,,,,,,,,,,,,3,UNDER,UNDER
backfill,2026-04-03,CHC,CLE,,,AWAY,,,,,,,,,,,,,1,UNDER,UNDER
backfill,2026-04-03,CLE,CHC,,,HOME,,,,,,,,,,,,,4,OVER,UNDER
backfill,2026-04-03,TB,MIN,,,AWAY,,,,,,,,,,,,,4,OVER,UNDER
backfill,2026-04-03,MIN,TB,,,HOME,,,,,,,,,,,,,10,OVER,OVER
backfill,2026-04-03,PHI,COL,,,AWAY,,,,,,,,,,,,,10,OVER,OVER
backfill,2026-04-03,COL,PHI,,,HOME,,,,,,,,,,,,,1,UNDER,UNDER
backfill,2026-04-03,BAL,PIT,,,AWAY,,,,,,,,,,,,,4,OVER,UNDER
backfill,2026-04-03,PIT,BAL,,,HOME,,,,,,,,,,,,,5,OVER,OVER
backfill,2026-04-03,SEA,LAA,,,AWAY,,,,,,,,,,,,,3,UNDER,UNDER
backfill,2026-04-03,LAA,SEA,,,HOME,,,,,,,,,,,,,1,UNDER,UNDER
backfill,2026-04-03,HOU,ATH,,,AWAY,,,,,,,,,,,,,4,OVER,UNDER
backfill,2026-04-03,ATH,HOU,,,HOME,,,,,,,,,,,,,11,OVER,OVER
backfill,2026-04-03,ATL,AZ,,,AWAY,,,,,,,,,,,,,2,UNDER,UNDER
backfill,2026-04-03,AZ,ATL,,,HOME,,,,,,,,,,,,,0,UNDER,UNDER
backfill,2026-04-03,NYM,SF,,,AWAY,,,,,,,,,,,,,10,OVER,OVER
backfill,2026-04-03,SF,NYM,,,HOME,,,,,,,,,,,,,3,UNDER,UNDER
backfill,2026-04-02,MIN,KC,,,AWAY,,,,,,,,,,,,,5,OVER,OVER
backfill,2026-04-02,KC,MIN,,,HOME,,,,,,,,,,,,,1,UNDER,UNDER
backfill,2026-04-02,ATL,AZ,,,AWAY,,,,,,,,,,,,,17,OVER,OVER
backfill,2026-04-02,AZ,ATL,,,HOME,,,,,,,,,,,,,2,UNDER,UNDER
backfill,2026-04-02,NYM,SF,,,AWAY,,,,,,,,,,,,,2,UNDER,UNDER
backfill,2026-04-02,SF,NYM,,,HOME,,,,,,,,,,,,,7,OVER,OVER
backfill,2026-04-01,ATH,ATL,,,AWAY,,,,,,,,,,,,,1,UNDER,UNDER
backfill,2026-04-01,ATL,ATH,,,HOME,,,,,,,,,,,,,5,OVER,OVER
backfill,2026-04-01,TEX,BAL,,,AWAY,,,,,,,,,,,,,3,UNDER,UNDER
backfill,2026-04-01,BAL,TEX,,,HOME,,,,,,,,,,,,,8,OVER,OVER
backfill,2026-04-01,PIT,CIN,,,AWAY,,,,,,,,,,,,,8,OVER,OVER
backfill,2026-04-01,CIN,PIT,,,HOME,,,,,,,,,,,,,3,UNDER,UNDER
backfill,2026-04-01,WSH,PHI,,,AWAY,,,,,,,,,,,,,5,OVER,OVER
backfill,2026-04-01,PHI,WSH,,,HOME,,,,,,,,,,,,,6,OVER,OVER
backfill,2026-04-01,COL,TOR,,,AWAY,,,,,,,,,,,,,2,UNDER,UNDER
backfill,2026-04-01,TOR,COL,,,HOME,,,,,,,,,,,,,1,UNDER,UNDER
backfill,2026-04-01,CWS,MIA,,,AWAY,,,,,,,,,,,,,0,UNDER,UNDER
backfill,2026-04-01,MIA,CWS,,,HOME,,,,,,,,,,,,,10,OVER,OVER
backfill,2026-04-01,NYM,STL,,,AWAY,,,,,,,,,,,,,1,UNDER,UNDER
backfill,2026-04-01,STL,NYM,,,HOME,,,,,,,,,,,,,2,UNDER,UNDER
backfill,2026-04-01,TB,MIL,,,AWAY,,,,,,,,,,,,,2,UNDER,UNDER
backfill,2026-04-01,MIL,TB,,,HOME,,,,,,,,,,,,,8,OVER,OVER
backfill,2026-04-01,BOS,HOU,,,AWAY,,,,,,,,,,,,,4,OVER,UNDER
backfill,2026-04-01,HOU,BOS,,,HOME,,,,,,,,,,,,,6,OVER,OVER
backfill,2026-04-01,LAA,CHC,,,AWAY,,,,,,,,,,,,,2,UNDER,UNDER
backfill,2026-04-01,CHC,LAA,,,HOME,,,,,,,,,,,,,6,OVER,OVER
backfill,2026-04-01,DET,AZ,,,AWAY,,,,,,,,,,,,,0,UNDER,UNDER
backfill,2026-04-01,AZ,DET,,,HOME,,,,,,,,,,,,,1,UNDER,UNDER
backfill,2026-04-01,SF,SD,,,AWAY,,,,,,,,,,,,,1,UNDER,UNDER
backfill,2026-04-01,SD,SF,,,HOME,,,,,,,,,,,,,7,OVER,OVER
backfill,2026-04-01,NYY,SEA,,,AWAY,,,,,,,,,,,,,5,OVER,OVER
backfill,2026-04-01,SEA,NYY,,,HOME,,,,,,,,,,,,,3,UNDER,UNDER
backfill,2026-04-01,MIN,KC,,,AWAY,,,,,,,,,,,,,9,OVER,OVER
backfill,2026-04-01,KC,MIN,,,HOME,,,,,,,,,,,,,13,OVER,OVER
backfill,2026-04-01,CLE,LAD,,,AWAY,,,,,,,,,,,,,4,OVER,UNDER
backfill,2026-04-01,LAD,CLE,,,HOME,,,,,,,,,,,,,1,UNDER,UNDER
backfill,2026-03-31,TEX,BAL,,,AWAY,,,,,,,,,,,,,8,OVER,OVER
backfill,2026-03-31,BAL,TEX,,,HOME,,,,,,,,,,,,,5,OVER,OVER
backfill,2026-03-31,PIT,CIN,,,AWAY,,,,,,,,,,,,,8,OVER,OVER
backfill,2026-03-31,CIN,PIT,,,HOME,,,,,,,,,,,,,3,UNDER,UNDER
backfill,2026-03-31,WSH,PHI,,,AWAY,,,,,,,,,,,,,2,UNDER,UNDER
backfill,2026-03-31,PHI,WSH,,,HOME,,,,,,,,,,,,,3,UNDER,UNDER
backfill,2026-03-31,CWS,MIA,,,AWAY,,,,,,,,,,,,,2,UNDER,UNDER
backfill,2026-03-31,MIA,CWS,,,HOME,,,,,,,,,,,,,9,OVER,OVER
backfill,2026-03-31,COL,TOR,,,AWAY,,,,,,,,,,,,,1,UNDER,UNDER
backfill,2026-03-31,TOR,COL,,,HOME,,,,,,,,,,,,,5,OVER,OVER
backfill,2026-03-31,ATH,ATL,,,AWAY,,,,,,,,,,,,,5,OVER,OVER
backfill,2026-03-31,ATL,ATH,,,HOME,,,,,,,,,,,,,2,UNDER,UNDER
backfill,2026-03-31,LAA,CHC,,,AWAY,,,,,,,,,,,,,2,UNDER,UNDER
backfill,2026-03-31,CHC,LAA,,,HOME,,,,,,,,,,,,,0,UNDER,UNDER
backfill,2026-03-31,TB,MIL,,,AWAY,,,,,,,,,,,,,2,UNDER,UNDER
backfill,2026-03-31,MIL,TB,,,HOME,,,,,,,,,,,,,6,OVER,OVER
backfill,2026-03-31,NYM,STL,,,AWAY,,,,,,,,,,,,,0,UNDER,UNDER
backfill,2026-03-31,STL,NYM,,,HOME,,,,,,,,,,,,,3,UNDER,UNDER
backfill,2026-03-31,BOS,HOU,,,AWAY,,,,,,,,,,,,,2,UNDER,UNDER
backfill,2026-03-31,HOU,BOS,,,HOME,,,,,,,,,,,,,9,OVER,OVER
backfill,2026-03-31,DET,AZ,,,AWAY,,,,,,,,,,,,,5,OVER,OVER
backfill,2026-03-31,AZ,DET,,,HOME,,,,,,,,,,,,,7,OVER,OVER
backfill,2026-03-31,SF,SD,,,AWAY,,,,,,,,,,,,,9,OVER,OVER
backfill,2026-03-31,SD,SF,,,HOME,,,,,,,,,,,,,3,UNDER,UNDER
backfill,2026-03-31,NYY,SEA,,,AWAY,,,,,,,,,,,,,5,OVER,OVER
backfill,2026-03-31,SEA,NYY,,,HOME,,,,,,,,,,,,,0,UNDER,UNDER
backfill,2026-03-31,CLE,LAD,,,AWAY,,,,,,,,,,,,,1,UNDER,UNDER
backfill,2026-03-31,LAD,CLE,,,HOME,,,,,,,,,,,,,4,OVER,UNDER
backfill,2026-03-30,MIN,KC,,,AWAY,,,,,,,,,,,,,1,UNDER,UNDER
backfill,2026-03-30,KC,MIN,,,HOME,,,,,,,,,,,,,3,UNDER,UNDER
backfill,2026-03-30,TEX,BAL,,,AWAY,,,,,,,,,,,,,5,OVER,OVER
backfill,2026-03-30,BAL,TEX,,,HOME,,,,,,,,,,,,,2,UNDER,UNDER
backfill,2026-03-30,PIT,CIN,,,AWAY,,,,,,,,,,,,,0,UNDER,UNDER
backfill,2026-03-30,CIN,PIT,,,HOME,,,,,,,,,,,,,2,UNDER,UNDER
backfill,2026-03-30,WSH,PHI,,,AWAY,,,,,,,,,,,,,13,OVER,OVER
backfill,2026-03-30,PHI,WSH,,,HOME,,,,,,,,,,,,,2,UNDER,UNDER
backfill,2026-03-30,CWS,MIA,,,AWAY,,,,,,,,,,,,,9,OVER,OVER
backfill,2026-03-30,MIA,CWS,,,HOME,,,,,,,,,,,,,4,OVER,UNDER
backfill,2026-03-30,COL,TOR,,,AWAY,,,,,,,,,,,,,14,OVER,OVER
backfill,2026-03-30,TOR,COL,,,HOME,,,,,,,,,,,,,5,OVER,OVER
backfill,2026-03-30,ATH,ATL,,,AWAY,,,,,,,,,,,,,0,UNDER,UNDER
backfill,2026-03-30,ATL,ATH,,,HOME,,,,,,,,,,,,,4,OVER,UNDER
backfill,2026-03-30,LAA,CHC,,,AWAY,,,,,,,,,,,,,2,UNDER,UNDER
backfill,2026-03-30,CHC,LAA,,,HOME,,,,,,,,,,,,,7,OVER,OVER
backfill,2026-03-30,TB,MIL,,,AWAY,,,,,,,,,,,,,3,UNDER,UNDER
backfill,2026-03-30,MIL,TB,,,HOME,,,,,,,,,,,,,2,UNDER,UNDER
backfill,2026-03-30,NYM,STL,,,AWAY,,,,,,,,,,,,,4,OVER,UNDER
backfill,2026-03-30,STL,NYM,,,HOME,,,,,,,,,,,,,2,UNDER,UNDER
backfill,2026-03-30,BOS,HOU,,,AWAY,,,,,,,,,,,,,1,UNDER,UNDER
backfill,2026-03-30,HOU,BOS,,,HOME,,,,,,,,,,,,,8,OVER,OVER
backfill,2026-03-30,SF,SD,,,AWAY,,,,,,,,,,,,,3,UNDER,UNDER
backfill,2026-03-30,SD,SF,,,HOME,,,,,,,,,,,,,2,UNDER,UNDER
backfill,2026-03-30,NYY,SEA,,,AWAY,,,,,,,,,,,,,1,UNDER,UNDER
backfill,2026-03-30,SEA,NYY,,,HOME,,,,,,,,,,,,,2,UNDER,UNDER
backfill,2026-03-30,DET,AZ,,,AWAY,,,,,,,,,,,,,6,OVER,OVER
backfill,2026-03-30,AZ,DET,,,HOME,,,,,,,,,,,,,9,OVER,OVER
backfill,2026-03-30,CLE,LAD,,,AWAY,,,,,,,,,,,,,4,OVER,UNDER
backfill,2026-03-30,LAD,CLE,,,HOME,,,,,,,,,,,,,2,UNDER,UNDER
backfill,2026-03-29,MIN,BAL,,,AWAY,,,,,,,,,,,,,6,OVER,OVER
backfill,2026-03-29,BAL,MIN,,,HOME,,,,,,,,,,,,,8,OVER,OVER
backfill,2026-03-29,TEX,PHI,,,AWAY,,,,,,,,,,,,,8,OVER,OVER
backfill,2026-03-29,PHI,TEX,,,HOME,,,,,,,,,,,,,3,UNDER,UNDER
backfill,2026-03-29,KC,ATL,,,AWAY,,,,,,,,,,,,,4,OVER,UNDER
backfill,2026-03-29,ATL,KC,,,HOME,,,,,,,,,,,,,1,UNDER,UNDER
backfill,2026-03-29,ATH,TOR,,,AWAY,,,,,,,,,,,,,2,UNDER,UNDER
backfill,2026-03-29,TOR,ATH,,,HOME,,,,,,,,,,,,,5,OVER,OVER
backfill,2026-03-29,BOS,CIN,,,AWAY,,,,,,,,,,,,,2,UNDER,UNDER
backfill,2026-03-29,CIN,BOS,,,HOME,,,,,,,,,,,,,3,UNDER,UNDER
backfill,2026-03-29,PIT,NYM,,,AWAY,,,,,,,,,,,,,4,OVER,UNDER
backfill,2026-03-29,NYM,PIT,,,HOME,,,,,,,,,,,,,3,UNDER,UNDER
backfill,2026-03-29,COL,MIA,,,AWAY,,,,,,,,,,,,,3,UNDER,UNDER
backfill,2026-03-29,MIA,COL,,,HOME,,,,,,,,,,,,,4,OVER,UNDER
backfill,2026-03-29,LAA,HOU,,,AWAY,,,,,,,,,,,,,7,OVER,OVER
backfill,2026-03-29,HOU,LAA,,,HOME,,,,,,,,,,,,,9,OVER,OVER
backfill,2026-03-29,CWS,MIL,,,AWAY,,,,,,,,,,,,,7,OVER,OVER
backfill,2026-03-29,MIL,CWS,,,HOME,,,,,,,,,,,,,9,OVER,OVER
backfill,2026-03-29,TB,STL,,,AWAY,,,,,,,,,,,,,11,OVER,OVER
backfill,2026-03-29,STL,TB,,,HOME,,,,,,,,,,,,,7,OVER,OVER
backfill,2026-03-29,WSH,CHC,,,AWAY,,,,,,,,,,,,,6,OVER,OVER
backfill,2026-03-29,CHC,WSH,,,HOME,,,,,,,,,,,,,3,UNDER,UNDER
backfill,2026-03-29,CLE,SEA,,,AWAY,,,,,,,,,,,,,0,UNDER,UNDER
backfill,2026-03-29,SEA,CLE,,,HOME,,,,,,,,,,,,,8,OVER,OVER
backfill,2026-03-28,TB,STL,,,AWAY,,,,,,,,,,,,,5,OVER,OVER
backfill,2026-03-28,STL,TB,,,HOME,,,,,,,,,,,,,6,OVER,OVER
backfill,2026-03-28,WSH,CHC,,,AWAY,,,,,,,,,,,,,2,UNDER,UNDER
backfill,2026-03-28,CHC,WSH,,,HOME,,,,,,,,,,,,,10,OVER,OVER
backfill,2026-03-28,ATH,TOR,,,AWAY,,,,,,,,,,,,,7,OVER,OVER
backfill,2026-03-28,TOR,ATH,,,HOME,,,,,,,,,,,,,8,OVER,OVER
backfill,2026-03-28,MIN,BAL,,,AWAY,,,,,,,,,,,,,4,OVER,UNDER
backfill,2026-03-28,BAL,MIN,,,HOME,,,,,,,,,,,,,1,UNDER,UNDER
backfill,2026-03-28,TEX,PHI,,,AWAY,,,,,,,,,,,,,5,OVER,OVER
backfill,2026-03-28,PHI,TEX,,,HOME,,,,,,,,,,,,,4,OVER,UNDER
backfill,2026-03-28,BOS,CIN,,,AWAY,,,,,,,,,,,,,5,OVER,OVER
backfill,2026-03-28,CIN,BOS,,,HOME,,,,,,,,,,,,,6,OVER,OVER
backfill,2026-03-28,PIT,NYM,,,AWAY,,,,,,,,,,,,,2,UNDER,UNDER
backfill,2026-03-28,NYM,PIT,,,HOME,,,,,,,,,,,,,4,OVER,UNDER
backfill,2026-03-28,COL,MIA,,,AWAY,,,,,,,,,,,,,3,UNDER,UNDER
backfill,2026-03-28,MIA,COL,,,HOME,,,,,,,,,,,,,4,OVER,UNDER
backfill,2026-03-28,LAA,HOU,,,AWAY,,,,,,,,,,,,,9,OVER,OVER
backfill,2026-03-28,HOU,LAA,,,HOME,,,,,,,,,,,,,11,OVER,OVER
backfill,2026-03-28,CWS,MIL,,,AWAY,,,,,,,,,,,,,1,UNDER,UNDER
backfill,2026-03-28,MIL,CWS,,,HOME,,,,,,,,,,,,,6,OVER,OVER
backfill,2026-03-28,KC,ATL,,,AWAY,,,,,,,,,,,,,2,UNDER,UNDER
backfill,2026-03-28,ATL,KC,,,HOME,,,,,,,,,,,,,6,OVER,OVER
backfill,2026-03-28,NYY,SF,,,AWAY,,,,,,,,,,,,,3,UNDER,UNDER
backfill,2026-03-28,SF,NYY,,,HOME,,,,,,,,,,,,,1,UNDER,UNDER
backfill,2026-03-28,DET,SD,,,AWAY,,,,,,,,,,,,,0,UNDER,UNDER
backfill,2026-03-28,SD,DET,,,HOME,,,,,,,,,,,,,3,UNDER,UNDER
backfill,2026-03-28,AZ,LAD,,,AWAY,,,,,,,,,,,,,2,UNDER,UNDER
backfill,2026-03-28,LAD,AZ,,,HOME,,,,,,,,,,,,,3,UNDER,UNDER
backfill,2026-03-28,CLE,SEA,,,AWAY,,,,,,,,,,,,,6,OVER,OVER
backfill,2026-03-28,SEA,CLE,,,HOME,,,,,,,,,,,,,5,OVER,OVER
backfill,2026-03-27,NYY,SF,,,AWAY,,,,,,,,,,,,,3,UNDER,UNDER
backfill,2026-03-27,SF,NYY,,,HOME,,,,,,,,,,,,,0,UNDER,UNDER
backfill,2026-03-27,ATH,TOR,,,AWAY,,,,,,,,,,,,,2,UNDER,UNDER
backfill,2026-03-27,TOR,ATH,,,HOME,,,,,,,,,,,,,3,UNDER,UNDER
backfill,2026-03-27,COL,MIA,,,AWAY,,,,,,,,,,,,,1,UNDER,UNDER
backfill,2026-03-27,MIA,COL,,,HOME,,,,,,,,,,,,,2,UNDER,UNDER
backfill,2026-03-27,KC,ATL,,,AWAY,,,,,,,,,,,,,0,UNDER,UNDER
backfill,2026-03-27,ATL,KC,,,HOME,,,,,,,,,,,,,6,OVER,OVER
backfill,2026-03-27,LAA,HOU,,,AWAY,,,,,,,,,,,,,6,OVER,OVER
backfill,2026-03-27,HOU,LAA,,,HOME,,,,,,,,,,,,,2,UNDER,UNDER
backfill,2026-03-27,DET,SD,,,AWAY,,,,,,,,,,,,,5,OVER,OVER
backfill,2026-03-27,SD,DET,,,HOME,,,,,,,,,,,,,2,UNDER,UNDER
backfill,2026-03-27,CLE,SEA,,,AWAY,,,,,,,,,,,,,1,UNDER,UNDER
backfill,2026-03-27,SEA,CLE,,,HOME,,,,,,,,,,,,,5,OVER,OVER
backfill,2026-03-27,AZ,LAD,,,AWAY,,,,,,,,,,,,,4,OVER,UNDER
backfill,2026-03-27,LAD,AZ,,,HOME,,,,,,,,,,,,,5,OVER,OVER
backfill,2026-03-26,PIT,NYM,,,AWAY,,,,,,,,,,,,,7,OVER,OVER
backfill,2026-03-26,NYM,PIT,,,HOME,,,,,,,,,,,,,11,OVER,OVER
backfill,2026-03-26,CWS,MIL,,,AWAY,,,,,,,,,,,,,2,UNDER,UNDER
backfill,2026-03-26,MIL,CWS,,,HOME,,,,,,,,,,,,,14,OVER,OVER
backfill,2026-03-26,WSH,CHC,,,AWAY,,,,,,,,,,,,,10,OVER,OVER
backfill,2026-03-26,CHC,WSH,,,HOME,,,,,,,,,,,,,4,OVER,UNDER
backfill,2026-03-26,MIN,BAL,,,AWAY,,,,,,,,,,,,,1,UNDER,UNDER
backfill,2026-03-26,BAL,MIN,,,HOME,,,,,,,,,,,,,2,UNDER,UNDER
backfill,2026-03-26,BOS,CIN,,,AWAY,,,,,,,,,,,,,3,UNDER,UNDER
backfill,2026-03-26,CIN,BOS,,,HOME,,,,,,,,,,,,,0,UNDER,UNDER
backfill,2026-03-26,LAA,HOU,,,AWAY,,,,,,,,,,,,,3,UNDER,UNDER
backfill,2026-03-26,HOU,LAA,,,HOME,,,,,,,,,,,,,0,UNDER,UNDER
backfill,2026-03-26,DET,SD,,,AWAY,,,,,,,,,,,,,8,OVER,OVER
backfill,2026-03-26,SD,DET,,,HOME,,,,,,,,,,,,,2,UNDER,UNDER
backfill,2026-03-26,TB,STL,,,AWAY,,,,,,,,,,,,,7,OVER,OVER
backfill,2026-03-26,STL,TB,,,HOME,,,,,,,,,,,,,9,OVER,OVER
backfill,2026-03-26,TEX,PHI,,,AWAY,,,,,,,,,,,,,3,UNDER,UNDER
backfill,2026-03-26,PHI,TEX,,,HOME,,,,,,,,,,,,,5,OVER,OVER
backfill,2026-03-26,AZ,LAD,,,AWAY,,,,,,,,,,,,,2,UNDER,UNDER
backfill,2026-03-26,LAD,AZ,,,HOME,,,,,,,,,,,,,8,OVER,OVER
backfill,2026-03-26,CLE,SEA,,,AWAY,,,,,,,,,,,,,6,OVER,OVER
backfill,2026-03-26,SEA,CLE,,,HOME,,,,,,,,,,,,,4,OVER,UNDER
backfill,2026-03-25,NYY,SF,,,AWAY,,,,,,,,,,,,,7,OVER,OVER
backfill,2026-03-25,SF,NYY,,,HOME,,,,,,,,,,,,,0,UNDER,UNDER
backfill,2026-03-24,TB,ATL,,,AWAY,,,,,,,,,,,,,2,UNDER,UNDER
backfill,2026-03-24,ATL,TB,,,HOME,,,,,,,,,,,,,3,UNDER,UNDER
backfill,2026-03-24,BOS,MIN,,,AWAY,,,,,,,,,,,,,6,OVER,OVER
backfill,2026-03-24,MIN,BOS,,,HOME,,,,,,,,,,,,,15,OVER,OVER
backfill,2026-03-24,KC,TEX,,,AWAY,,,,,,,,,,,,,1,UNDER,UNDER
backfill,2026-03-24,TEX,KC,,,HOME,,,,,,,,,,,,,4,OVER,UNDER
backfill,2026-03-24,NYY,CHC,,,AWAY,,,,,,,,,,,,,8,OVER,OVER
backfill,2026-03-24,CHC,NYY,,,HOME,,,,,,,,,,,,,3,UNDER,UNDER
backfill,2026-03-24,DET,COL,,,AWAY,,,,,,,,,,,,,11,OVER,OVER
backfill,2026-03-24,COL,DET,,,HOME,,,,,,,,,,,,,8,OVER,OVER
backfill,2026-03-24,CLE,AZ,,,AWAY,,,,,,,,,,,,,10,OVER,OVER
backfill,2026-03-24,AZ,CLE,,,HOME,,,,,,,,,,,,,5,OVER,OVER
backfill,2026-03-24,CIN,MIL,,,AWAY,,,,,,,,,,,,,1,UNDER,UNDER
backfill,2026-03-24,MIL,CIN,,,HOME,,,,,,,,,,,,,4,OVER,UNDER
backfill,2026-03-24,LAA,LAD,,,AWAY,,,,,,,,,,,,,3,UNDER,UNDER
backfill,2026-03-24,LAD,LAA,,,HOME,,,,,,,,,,,,,0,UNDER,UNDER
backfill,2026-03-24,5434,HOU,,,AWAY,,,,,,,,,,,,,5,OVER,OVER
backfill,2026-03-24,HOU,5434,,,HOME,,,,,,,,,,,,,6,OVER,OVER
backfill,2026-03-24,562,SF,,,AWAY,,,,,,,,,,,,,2,UNDER,UNDER
backfill,2026-03-24,SF,562,,,HOME,,,,,,,,,,,,,8,OVER,OVER
backfill,2026-03-23,TB,PHI,,,AWAY,,,,,,,,,,,,,7,OVER,OVER
backfill,2026-03-23,PHI,TB,,,HOME,,,,,,,,,,,,,0,UNDER,UNDER
backfill,2026-03-23,BAL,WSH,,,AWAY,,,,,,,,,,,,,2,UNDER,UNDER
backfill,2026-03-23,WSH,BAL,,,HOME,,,,,,,,,,,,,0,UNDER,UNDER
backfill,2026-03-23,MIN,BOS,,,AWAY,,,,,,,,,,,,,9,OVER,OVER
backfill,2026-03-23,BOS,MIN,,,HOME,,,,,,,,,,,,,6,OVER,OVER
backfill,2026-03-23,ATL,PIT,,,AWAY,,,,,,,,,,,,,5,OVER,OVER
backfill,2026-03-23,PIT,ATL,,,HOME,,,,,,,,,,,,,2,UNDER,UNDER
backfill,2026-03-23,CWS,ATH,,,AWAY,,,,,,,,,,,,,9,OVER,OVER
backfill,2026-03-23,ATH,CWS,,,HOME,,,,,,,,,,,,,10,OVER,OVER
backfill,2026-03-23,NYY,CHC,,,AWAY,,,,,,,,,,,,,6,OVER,OVER
backfill,2026-03-23,CHC,NYY,,,HOME,,,,,,,,,,,,,15,OVER,OVER
backfill,2026-03-23,SEA,SD,,,AWAY,,,,,,,,,,,,,3,UNDER,UNDER
backfill,2026-03-23,SD,SEA,,,HOME,,,,,,,,,,,,,10,OVER,OVER
backfill,2026-03-23,STL,440,,,AWAY,,,,,,,,,,,,,3,UNDER,UNDER
backfill,2026-03-23,440,STL,,,HOME,,,,,,,,,,,,,2,UNDER,UNDER
backfill,2026-03-23,CIN,MIL,,,AWAY,,,,,,,,,,,,,1,UNDER,UNDER
backfill,2026-03-23,MIL,CIN,,,HOME,,,,,,,,,,,,,9,OVER,OVER
backfill,2026-03-23,KC,TEX,,,AWAY,,,,,,,,,,,,,2,UNDER,UNDER
backfill,2026-03-23,TEX,KC,,,HOME,,,,,,,,,,,,,3,UNDER,UNDER
backfill,2026-03-23,DET,COL,,,AWAY,,,,,,,,,,,,,5,OVER,OVER
backfill,2026-03-23,COL,DET,,,HOME,,,,,,,,,,,,,6,OVER,OVER
backfill,2026-03-23,LAA,LAD,,,AWAY,,,,,,,,,,,,,7,OVER,OVER
backfill,2026-03-23,LAD,LAA,,,HOME,,,,,,,,,,,,,7,OVER,OVER
backfill,2026-03-23,CLE,AZ,,,AWAY,,,,,,,,,,,,,7,OVER,OVER
backfill,2026-03-23,AZ,CLE,,,HOME,,,,,,,,,,,,,0,UNDER,UNDER
backfill,2026-03-23,562,SF,,,AWAY,,,,,,,,,,,,,2,UNDER,UNDER
backfill,2026-03-23,SF,562,,,HOME,,,,,,,,,,,,,10,OVER,OVER
backfill,2026-03-22,STL,HOU,,,AWAY,,,,,,,,,,,,,3,UNDER,UNDER
backfill,2026-03-22,HOU,STL,,,HOME,,,,,,,,,,,,,2,UNDER,UNDER
backfill,2026-03-22,BOS,PIT,,,AWAY,,,,,,,,,,,,,6,OVER,OVER
backfill,2026-03-22,PIT,BOS,,,HOME,,,,,,,,,,,,,3,UNDER,UNDER
backfill,2026-03-22,ATL,MIN,,,AWAY,,,,,,,,,,,,,3,UNDER,UNDER
backfill,2026-03-22,MIN,ATL,,,HOME,,,,,,,,,,,,,7,OVER,OVER
backfill,2026-03-22,PHI,NYY,,,AWAY,,,,,,,,,,,,,2,UNDER,UNDER
backfill,2026-03-22,NYY,PHI,,,HOME,,,,,,,,,,,,,6,OVER,OVER
backfill,2026-03-22,TB,TOR,,,AWAY,,,,,,,,,,,,,1,UNDER,UNDER
backfill,2026-03-22,TOR,TB,,,HOME,,,,,,,,,,,,,14,OVER,OVER
backfill,2026-03-22,NYM,MIA,,,AWAY,,,,,,,,,,,,,3,UNDER,UNDER
backfill,2026-03-22,MIA,NYM,,,HOME,,,,,,,,,,,,,4,OVER,UNDER
backfill,2026-03-22,WSH,BAL,,,AWAY,,,,,,,,,,,,,1,UNDER,UNDER
backfill,2026-03-22,BAL,WSH,,,HOME,,,,,,,,,,,,,8,OVER,OVER
backfill,2026-03-22,CIN,CLE,,,AWAY,,,,,,,,,,,,,2,UNDER,UNDER
backfill,2026-03-22,CLE,CIN,,,HOME,,,,,,,,,,,,,8,OVER,OVER
backfill,2026-03-22,MIL,CHC,,,AWAY,,,,,,,,,,,,,0,UNDER,UNDER
backfill,2026-03-22,CHC,MIL,,,HOME,,,,,,,,,,,,,12,OVER,OVER
backfill,2026-03-22,ATH,COL,,,AWAY,,,,,,,,,,,,,5,OVER,OVER
backfill,2026-03-22,COL,ATH,,,HOME,,,,,,,,,,,,,6,OVER,OVER
backfill,2026-03-22,SF,105,,,AWAY,,,,,,,,,,,,,1,UNDER,UNDER
backfill,2026-03-22,105,SF,,,HOME,,,,,,,,,,,,,2,UNDER,UNDER
backfill,2026-03-22,SEA,CWS,,,AWAY,,,,,,,,,,,,,4,OVER,UNDER
backfill,2026-03-22,CWS,SEA,,,HOME,,,,,,,,,,,,,2,UNDER,UNDER
backfill,2026-03-22,LAD,LAA,,,AWAY,,,,,,,,,,,,,13,OVER,OVER
backfill,2026-03-22,LAA,LAD,,,HOME,,,,,,,,,,,,,5,OVER,OVER
backfill,2026-03-22,AZ,SD,,,AWAY,,,,,,,,,,,,,11,OVER,OVER
backfill,2026-03-22,SD,AZ,,,HOME,,,,,,,,,,,,,1,UNDER,UNDER
backfill,2026-03-21,NYM,WSH,,,AWAY,,,,,,,,,,,,,1,UNDER,UNDER
backfill,2026-03-21,WSH,NYM,,,HOME,,,,,,,,,,,,,3,UNDER,UNDER
backfill,2026-03-21,TOR,PIT,,,AWAY,,,,,,,,,,,,,3,UNDER,UNDER
backfill,2026-03-21,PIT,TOR,,,HOME,,,,,,,,,,,,,8,OVER,OVER
backfill,2026-03-21,MIN,TB,,,AWAY,,,,,,,,,,,,,2,UNDER,UNDER
backfill,2026-03-21,TB,MIN,,,HOME,,,,,,,,,,,,,3,UNDER,UNDER
backfill,2026-03-21,PHI,BAL,,,AWAY,,,,,,,,,,,,,8,OVER,OVER
backfill,2026-03-21,BAL,PHI,,,HOME,,,,,,,,,,,,,10,OVER,OVER
backfill,2026-03-21,ATL,BOS,,,AWAY,,,,,,,,,,,,,6,OVER,OVER
backfill,2026-03-21,BOS,ATL,,,HOME,,,,,,,,,,,,,1,UNDER,UNDER
backfill,2026-03-21,MIA,STL,,,AWAY,,,,,,,,,,,,,4,OVER,UNDER
backfill,2026-03-21,STL,MIA,,,HOME,,,,,,,,,,,,,7,OVER,OVER
backfill,2026-03-21,NYY,DET,,,AWAY,,,,,,,,,,,,,1,UNDER,UNDER
backfill,2026-03-21,DET,NYY,,,HOME,,,,,,,,,,,,,3,UNDER,UNDER
backfill,2026-03-21,HOU,NYM,,,AWAY,,,,,,,,,,,,,7,OVER,OVER
backfill,2026-03-21,NYM,HOU,,,HOME,,,,,,,,,,,,,5,OVER,OVER
backfill,2026-03-21,ATH,LAD,,,AWAY,,,,,,,,,,,,,5,OVER,OVER
backfill,2026-03-21,LAD,ATH,,,HOME,,,,,,,,,,,,,5,OVER,OVER
backfill,2026-03-21,COL,KC,,,AWAY,,,,,,,,,,,,,5,OVER,OVER
backfill,2026-03-21,KC,COL,,,HOME,,,,,,,,,,,,,6,OVER,OVER
backfill,2026-03-21,CLE,SF,,,AWAY,,,,,,,,,,,,,7,OVER,OVER
backfill,2026-03-21,SF,CLE,,,HOME,,,,,,,,,,,,,10,OVER,OVER
backfill,2026-03-21,TEX,AZ,,,AWAY,,,,,,,,,,,,,2,UNDER,UNDER
backfill,2026-03-21,AZ,TEX,,,HOME,,,,,,,,,,,,,5,OVER,OVER
backfill,2026-03-21,SD,MIL,,,AWAY,,,,,,,,,,,,,1,UNDER,UNDER
backfill,2026-03-21,MIL,SD,,,HOME,,,,,,,,,,,,,6,OVER,OVER
backfill,2026-03-21,CWS,CIN,,,AWAY,,,,,,,,,,,,,7,OVER,OVER
backfill,2026-03-21,CIN,CWS,,,HOME,,,,,,,,,,,,,11,OVER,OVER
backfill,2026-03-21,CHC,SEA,,,AWAY,,,,,,,,,,,,,7,OVER,OVER
backfill,2026-03-21,SEA,CHC,,,HOME,,,,,,,,,,,,,1,UNDER,UNDER
backfill,2026-03-20,BOS,TB,,,AWAY,,,,,,,,,,,,,0,UNDER,UNDER
backfill,2026-03-20,TB,BOS,,,HOME,,,,,,,,,,,,,2,UNDER,UNDER
backfill,2026-03-20,TOR,MIN,,,AWAY,,,,,,,,,,,,,2,UNDER,UNDER
backfill,2026-03-20,MIN,TOR,,,HOME,,,,,,,,,,,,,1,UNDER,UNDER
backfill,2026-03-20,DET,PHI,,,AWAY,,,,,,,,,,,,,4,OVER,UNDER
backfill,2026-03-20,PHI,DET,,,HOME,,,,,,,,,,,,,4,OVER,UNDER
backfill,2026-03-20,STL,NYM,,,AWAY,,,,,,,,,,,,,4,OVER,UNDER
backfill,2026-03-20,NYM,STL,,,HOME,,,,,,,,,,,,,3,UNDER,UNDER
backfill,2026-03-20,CWS,LAA,,,AWAY,,,,,,,,,,,,,3,UNDER,UNDER
backfill,2026-03-20,LAA,CWS,,,HOME,,,,,,,,,,,,,4,OVER,UNDER
backfill,2026-03-20,PIT,ATL,,,AWAY,,,,,,,,,,,,,1,UNDER,UNDER
backfill,2026-03-20,ATL,PIT,,,HOME,,,,,,,,,,,,,8,OVER,OVER
backfill,2026-03-20,MIA,HOU,,,AWAY,,,,,,,,,,,,,7,OVER,OVER
backfill,2026-03-20,HOU,MIA,,,HOME,,,,,,,,,,,,,4,OVER,UNDER
backfill,2026-03-20,BAL,NYY,,,AWAY,,,,,,,,,,,,,1,UNDER,UNDER
backfill,2026-03-20,NYY,BAL,,,HOME,,,,,,,,,,,,,3,UNDER,UNDER
backfill,2026-03-20,WSH,MIA,,,AWAY,,,,,,,,,,,,,2,UNDER,UNDER
backfill,2026-03-20,MIA,WSH,,,HOME,,,,,,,,,,,,,3,UNDER,UNDER
backfill,2026-03-20,KC,SF,,,AWAY,,,,,,,,,,,,,2,UNDER,UNDER
backfill,2026-03-20,SF,KC,,,HOME,,,,,,,,,,,,,5,OVER,OVER
backfill,2026-03-20,CIN,CHC,,,AWAY,,,,,,,,,,,,,8,OVER,OVER
backfill,2026-03-20,CHC,CIN,,,HOME,,,,,,,,,,,,,6,OVER,OVER
backfill,2026-03-20,SD,LAD,,,AWAY,,,,,,,,,,,,,3,UNDER,UNDER
backfill,2026-03-20,LAD,SD,,,HOME,,,,,,,,,,,,,4,OVER,UNDER
backfill,2026-03-20,SEA,CLE,,,AWAY,,,,,,,,,,,,,20,OVER,OVER
backfill,2026-03-20,CLE,SEA,,,HOME,,,,,,,,,,,,,8,OVER,OVER
backfill,2026-03-20,SF,TEX,,,AWAY,,,,,,,,,,,,,5,OVER,OVER
backfill,2026-03-20,TEX,SF,,,HOME,,,,,,,,,,,,,6,OVER,OVER
backfill,2026-03-20,CHC,ATH,,,AWAY,,,,,,,,,,,,,2,UNDER,UNDER
backfill,2026-03-20,ATH,CHC,,,HOME,,,,,,,,,,,,,6,OVER,OVER
backfill,2026-03-20,COL,SD,,,AWAY,,,,,,,,,,,,,9,OVER,OVER
backfill,2026-03-20,SD,COL,,,HOME,,,,,,,,,,,,,3,UNDER,UNDER
backfill,2026-03-20,MIL,AZ,,,AWAY,,,,,,,,,,,,,7,OVER,OVER
backfill,2026-03-20,AZ,MIL,,,HOME,,,,,,,,,,,,,8,OVER,OVER
